

SET IDENTITY_INSERT [T_Prog_BizCategory] ON
INSERT INTO [T_Prog_BizCategory] ([CateId],[CategoryName],[SortIndex]) values (1,N'工商业务',1)
INSERT INTO [T_Prog_BizCategory] ([CateId],[CategoryName],[SortIndex]) values (2,N'代理记账',2)
INSERT INTO [T_Prog_BizCategory] ([CateId],[CategoryName],[SortIndex]) values (3,N'资质代办',3)
INSERT INTO [T_Prog_BizCategory] ([CateId],[CategoryName],[SortIndex]) values (4,N'咨询顾问',4)
INSERT INTO [T_Prog_BizCategory] ([CateId],[CategoryName],[SortIndex]) values (5,N'其他业务',5)
SET IDENTITY_INSERT [T_Prog_BizCategory] OFF


SET IDENTITY_INSERT [T_Prog_BizItems] ON
INSERT INTO [T_Prog_BizItems] ([ItemId],[ItemName],[SortIndex],[CateId],[ServicePrice]) values (1,N'有限责任公司注册',1,1,0)
INSERT INTO [T_Prog_BizItems] ([ItemId],[ItemName],[SortIndex],[CateId],[ServicePrice]) values (2,N'分公司注册',2,1,0)
INSERT INTO [T_Prog_BizItems] ([ItemId],[ItemName],[SortIndex],[CateId],[ServicePrice]) values (3,N'个体户注册',3,1,0)
INSERT INTO [T_Prog_BizItems] ([ItemId],[ItemName],[SortIndex],[CateId],[ServicePrice]) values (4,N'股份公司注册',4,1,0)
INSERT INTO [T_Prog_BizItems] ([ItemId],[ItemName],[SortIndex],[CateId],[ServicePrice]) values (5,N'公司注销',5,1,0)
INSERT INTO [T_Prog_BizItems] ([ItemId],[ItemName],[SortIndex],[CateId],[ServicePrice]) values (6,N'个体户注销',6,1,0)
INSERT INTO [T_Prog_BizItems] ([ItemId],[ItemName],[SortIndex],[CateId],[ServicePrice]) values (7,N'公司改名',7,1,0)
INSERT INTO [T_Prog_BizItems] ([ItemId],[ItemName],[SortIndex],[CateId],[ServicePrice]) values (8,N'增加或减少注册资本',8,1,0)
INSERT INTO [T_Prog_BizItems] ([ItemId],[ItemName],[SortIndex],[CateId],[ServicePrice]) values (9,N'股东变更',9,1,0)
INSERT INTO [T_Prog_BizItems] ([ItemId],[ItemName],[SortIndex],[CateId],[ServicePrice]) values (10,N'经营地址变更（同城区）',10,1,0)
INSERT INTO [T_Prog_BizItems] ([ItemId],[ItemName],[SortIndex],[CateId],[ServicePrice]) values (11,N'经营地址变更（跨城区）',11,1,0)
INSERT INTO [T_Prog_BizItems] ([ItemId],[ItemName],[SortIndex],[CateId],[ServicePrice]) values (12,N'法定代表人变更',12,1,0)
INSERT INTO [T_Prog_BizItems] ([ItemId],[ItemName],[SortIndex],[CateId],[ServicePrice]) values (13,N'董事或监事变更',13,1,0)
INSERT INTO [T_Prog_BizItems] ([ItemId],[ItemName],[SortIndex],[CateId],[ServicePrice]) values (14,N'企业信息公示（工商年报）',14,1,0)
INSERT INTO [T_Prog_BizItems] ([ItemId],[ItemName],[SortIndex],[CateId],[ServicePrice]) values (15,N'公司三证合一（五证合一）',15,1,0)
INSERT INTO [T_Prog_BizItems] ([ItemId],[ItemName],[SortIndex],[CateId],[ServicePrice]) values (16,N'个体户两证合一',16,1,0)
INSERT INTO [T_Prog_BizItems] ([ItemId],[ItemName],[SortIndex],[CateId],[ServicePrice]) values (17,N'工商异常移出',17,1,0)
INSERT INTO [T_Prog_BizItems] ([ItemId],[ItemName],[SortIndex],[CateId],[ServicePrice]) values (18,N'工商查档',18,1,0)
INSERT INTO [T_Prog_BizItems] ([ItemId],[ItemName],[SortIndex],[CateId],[ServicePrice]) values (19,N'其他业务',99,1,0)
INSERT INTO [T_Prog_BizItems] ([ItemId],[ItemName],[SortIndex],[CateId],[ServicePrice]) values (20,N'个体户代理记账',1,2,0)
INSERT INTO [T_Prog_BizItems] ([ItemId],[ItemName],[SortIndex],[CateId],[ServicePrice]) values (21,N'小规模纳税人代理记账',2,2,0)
INSERT INTO [T_Prog_BizItems] ([ItemId],[ItemName],[SortIndex],[CateId],[ServicePrice]) values (22,N'一般纳税人代理记账',3,2,0)
INSERT INTO [T_Prog_BizItems] ([ItemId],[ItemName],[SortIndex],[CateId],[ServicePrice]) values (23,N'账簿、凭证等耗材费',4,2,0)
INSERT INTO [T_Prog_BizItems] ([ItemId],[ItemName],[SortIndex],[CateId],[ServicePrice]) values (24,N'申请或领购发票',5,2,0)
INSERT INTO [T_Prog_BizItems] ([ItemId],[ItemName],[SortIndex],[CateId],[ServicePrice]) values (25,N'发票增量',6,2,0)
INSERT INTO [T_Prog_BizItems] ([ItemId],[ItemName],[SortIndex],[CateId],[ServicePrice]) values (26,N'发票升位',7,2,0)
INSERT INTO [T_Prog_BizItems] ([ItemId],[ItemName],[SortIndex],[CateId],[ServicePrice]) values (27,N'银行对账单、回执单打印',8,2,0)
INSERT INTO [T_Prog_BizItems] ([ItemId],[ItemName],[SortIndex],[CateId],[ServicePrice]) values (28,N'一般纳税人认定（新设立公司）',9,2,0)
INSERT INTO [T_Prog_BizItems] ([ItemId],[ItemName],[SortIndex],[CateId],[ServicePrice]) values (29,N'一般纳税人认定（存续公司）',10,2,0)
INSERT INTO [T_Prog_BizItems] ([ItemId],[ItemName],[SortIndex],[CateId],[ServicePrice]) values (30,N'税务机关代开发票',11,2,0)
INSERT INTO [T_Prog_BizItems] ([ItemId],[ItemName],[SortIndex],[CateId],[ServicePrice]) values (31,N'税控盘购买及发行',12,2,0)
INSERT INTO [T_Prog_BizItems] ([ItemId],[ItemName],[SortIndex],[CateId],[ServicePrice]) values (32,N'代理发票开具',13,2,0)
INSERT INTO [T_Prog_BizItems] ([ItemId],[ItemName],[SortIndex],[CateId],[ServicePrice]) values (33,N'清理乱账、调整乱账',14,2,0)
INSERT INTO [T_Prog_BizItems] ([ItemId],[ItemName],[SortIndex],[CateId],[ServicePrice]) values (34,N'内部账务核算',15,2,0)
INSERT INTO [T_Prog_BizItems] ([ItemId],[ItemName],[SortIndex],[CateId],[ServicePrice]) values (35,N'办理银行基本账户或一般户开立',16,2,0)
INSERT INTO [T_Prog_BizItems] ([ItemId],[ItemName],[SortIndex],[CateId],[ServicePrice]) values (36,N'办理银行基本账户或一般户撤销',17,2,0)
INSERT INTO [T_Prog_BizItems] ([ItemId],[ItemName],[SortIndex],[CateId],[ServicePrice]) values (37,N'银行开户信息变更',18,2,0)
INSERT INTO [T_Prog_BizItems] ([ItemId],[ItemName],[SortIndex],[CateId],[ServicePrice]) values (38,N'办理国地税三方协议扣款',19,2,0)
INSERT INTO [T_Prog_BizItems] ([ItemId],[ItemName],[SortIndex],[CateId],[ServicePrice]) values (39,N'增值税进项发票认证',20,2,0)
INSERT INTO [T_Prog_BizItems] ([ItemId],[ItemName],[SortIndex],[CateId],[ServicePrice]) values (40,N'税控开票系统安装及使用培训',21,2,0)
INSERT INTO [T_Prog_BizItems] ([ItemId],[ItemName],[SortIndex],[CateId],[ServicePrice]) values (41,N'税控盘现场清卡或解锁',22,2,0)
INSERT INTO [T_Prog_BizItems] ([ItemId],[ItemName],[SortIndex],[CateId],[ServicePrice]) values (42,N'企业所得税汇算清缴',23,2,0)
INSERT INTO [T_Prog_BizItems] ([ItemId],[ItemName],[SortIndex],[CateId],[ServicePrice]) values (43,N'往期未按期申报纳税处理',24,2,0)
INSERT INTO [T_Prog_BizItems] ([ItemId],[ItemName],[SortIndex],[CateId],[ServicePrice]) values (44,N'残疾人就业保障金核定及缴纳',25,2,0)
INSERT INTO [T_Prog_BizItems] ([ItemId],[ItemName],[SortIndex],[CateId],[ServicePrice]) values (45,N'业务承接前账务处理',26,2,0)
INSERT INTO [T_Prog_BizItems] ([ItemId],[ItemName],[SortIndex],[CateId],[ServicePrice]) values (46,N'食品经营许可证',1,3,0)
INSERT INTO [T_Prog_BizItems] ([ItemId],[ItemName],[SortIndex],[CateId],[ServicePrice]) values (47,N'公共场所卫生许可证',2,3,0)
INSERT INTO [T_Prog_BizItems] ([ItemId],[ItemName],[SortIndex],[CateId],[ServicePrice]) values (48,N'网络文化经营许可证',3,3,0)
INSERT INTO [T_Prog_BizItems] ([ItemId],[ItemName],[SortIndex],[CateId],[ServicePrice]) values (49,N'烟草专卖零售许可证',4,3,0)
INSERT INTO [T_Prog_BizItems] ([ItemId],[ItemName],[SortIndex],[CateId],[ServicePrice]) values (50,N'医疗器械经营备案（二类）',5,3,0)
INSERT INTO [T_Prog_BizItems] ([ItemId],[ItemName],[SortIndex],[CateId],[ServicePrice]) values (51,N'医疗器械经营许可证（三类）',6,3,0)
INSERT INTO [T_Prog_BizItems] ([ItemId],[ItemName],[SortIndex],[CateId],[ServicePrice]) values (52,N'道路运输许可证',7,3,0)
INSERT INTO [T_Prog_BizItems] ([ItemId],[ItemName],[SortIndex],[CateId],[ServicePrice]) values (53,N'劳务派遣资质',8,3,0)
INSERT INTO [T_Prog_BizItems] ([ItemId],[ItemName],[SortIndex],[CateId],[ServicePrice]) values (54,N'施工总承包等建筑类资质',9,3,0)
INSERT INTO [T_Prog_BizItems] ([ItemId],[ItemName],[SortIndex],[CateId],[ServicePrice]) values (55,N'企业管理顾问',1,4,0)
INSERT INTO [T_Prog_BizItems] ([ItemId],[ItemName],[SortIndex],[CateId],[ServicePrice]) values (56,N'融资咨询',2,4,0)
INSERT INTO [T_Prog_BizItems] ([ItemId],[ItemName],[SortIndex],[CateId],[ServicePrice]) values (57,N'税务咨询',3,4,0)
INSERT INTO [T_Prog_BizItems] ([ItemId],[ItemName],[SortIndex],[CateId],[ServicePrice]) values (58,N'审计咨询',4,4,0)
INSERT INTO [T_Prog_BizItems] ([ItemId],[ItemName],[SortIndex],[CateId],[ServicePrice]) values (59,N'评估咨询',5,4,0)
INSERT INTO [T_Prog_BizItems] ([ItemId],[ItemName],[SortIndex],[CateId],[ServicePrice]) values (60,N'税收筹划',6,4,0)
INSERT INTO [T_Prog_BizItems] ([ItemId],[ItemName],[SortIndex],[CateId],[ServicePrice]) values (61,N'企业培训（企业内训）',7,4,0)
INSERT INTO [T_Prog_BizItems] ([ItemId],[ItemName],[SortIndex],[CateId],[ServicePrice]) values (62,N'企业培训（新拓组织的集中培训）',8,4,0)
INSERT INTO [T_Prog_BizItems] ([ItemId],[ItemName],[SortIndex],[CateId],[ServicePrice]) values (63,N'企业内部控制设计',9,4,0)
INSERT INTO [T_Prog_BizItems] ([ItemId],[ItemName],[SortIndex],[CateId],[ServicePrice]) values (64,N'会计信息化咨询与实施',10,4,0)
INSERT INTO [T_Prog_BizItems] ([ItemId],[ItemName],[SortIndex],[CateId],[ServicePrice]) values (65,N'财务管理体系构建',11,4,0)
INSERT INTO [T_Prog_BizItems] ([ItemId],[ItemName],[SortIndex],[CateId],[ServicePrice]) values (66,N'企业诊断',12,4,0)
INSERT INTO [T_Prog_BizItems] ([ItemId],[ItemName],[SortIndex],[CateId],[ServicePrice]) values (67,N'企业战略规划咨询',13,4,0)
INSERT INTO [T_Prog_BizItems] ([ItemId],[ItemName],[SortIndex],[CateId],[ServicePrice]) values (68,N'企业并购重组顾问',14,4,0)
INSERT INTO [T_Prog_BizItems] ([ItemId],[ItemName],[SortIndex],[CateId],[ServicePrice]) values (69,N'企业尽职调查',15,4,0)
INSERT INTO [T_Prog_BizItems] ([ItemId],[ItemName],[SortIndex],[CateId],[ServicePrice]) values (70,N'其他业务',99,5,0)
SET IDENTITY_INSERT [T_Prog_BizItems] OFF


SET IDENTITY_INSERT [T_Prog_BizSteps] ON
INSERT INTO [T_Prog_BizSteps] ([StepId],[StepName],[SortIndex],[ItemId]) values (1,N'签订合同（口头协议）',1,1)
INSERT INTO [T_Prog_BizSteps] ([StepId],[StepName],[SortIndex],[ItemId]) values (2,N'任务分派',2,1)
INSERT INTO [T_Prog_BizSteps] ([StepId],[StepName],[SortIndex],[ItemId]) values (3,N'资料收取',3,1)
INSERT INTO [T_Prog_BizSteps] ([StepId],[StepName],[SortIndex],[ItemId]) values (4,N'核名',4,1)
INSERT INTO [T_Prog_BizSteps] ([StepId],[StepName],[SortIndex],[ItemId]) values (5,N'工商移出异常',5,1)
INSERT INTO [T_Prog_BizSteps] ([StepId],[StepName],[SortIndex],[ItemId]) values (6,N'工商档案迁移',6,1)
INSERT INTO [T_Prog_BizSteps] ([StepId],[StepName],[SortIndex],[ItemId]) values (7,N'提交设立',7,1)
INSERT INTO [T_Prog_BizSteps] ([StepId],[StepName],[SortIndex],[ItemId]) values (8,N'领取营业执照',8,1)
INSERT INTO [T_Prog_BizSteps] ([StepId],[StepName],[SortIndex],[ItemId]) values (9,N'印章刻制',9,1)
INSERT INTO [T_Prog_BizSteps] ([StepId],[StepName],[SortIndex],[ItemId]) values (10,N'领取印章',10,1)
INSERT INTO [T_Prog_BizSteps] ([StepId],[StepName],[SortIndex],[ItemId]) values (11,N'工商查档',11,1)
INSERT INTO [T_Prog_BizSteps] ([StepId],[StepName],[SortIndex],[ItemId]) values (12,N'税局信息采集',12,1)
INSERT INTO [T_Prog_BizSteps] ([StepId],[StepName],[SortIndex],[ItemId]) values (13,N'国税异常处理',13,1)
INSERT INTO [T_Prog_BizSteps] ([StepId],[StepName],[SortIndex],[ItemId]) values (14,N'地税异常处理',14,1)
INSERT INTO [T_Prog_BizSteps] ([StepId],[StepName],[SortIndex],[ItemId]) values (15,N'国税备案',15,1)
INSERT INTO [T_Prog_BizSteps] ([StepId],[StepName],[SortIndex],[ItemId]) values (16,N'地税备案',16,1)
INSERT INTO [T_Prog_BizSteps] ([StepId],[StepName],[SortIndex],[ItemId]) values (17,N'银行对公户信息变更',17,1)
INSERT INTO [T_Prog_BizSteps] ([StepId],[StepName],[SortIndex],[ItemId]) values (18,N'三方协议扣款重签',18,1)
INSERT INTO [T_Prog_BizSteps] ([StepId],[StepName],[SortIndex],[ItemId]) values (19,N'发票验旧及税盘重发行',19,1)
INSERT INTO [T_Prog_BizSteps] ([StepId],[StepName],[SortIndex],[ItemId]) values (20,N'代垫费用',20,1)
INSERT INTO [T_Prog_BizSteps] ([StepId],[StepName],[SortIndex],[ItemId]) values (21,N'费用对账',21,1)
INSERT INTO [T_Prog_BizSteps] ([StepId],[StepName],[SortIndex],[ItemId]) values (22,N'费用收取',22,1)
INSERT INTO [T_Prog_BizSteps] ([StepId],[StepName],[SortIndex],[ItemId]) values (23,N'资料归档',23,1)
INSERT INTO [T_Prog_BizSteps] ([StepId],[StepName],[SortIndex],[ItemId]) values (24,N'资料归还',24,1)
INSERT INTO [T_Prog_BizSteps] ([StepId],[StepName],[SortIndex],[ItemId]) values (25,N'客户回访',25,1)
INSERT INTO [T_Prog_BizSteps] ([StepId],[StepName],[SortIndex],[ItemId]) values (26,N'工商年报',26,1)
INSERT INTO [T_Prog_BizSteps] ([StepId],[StepName],[SortIndex],[ItemId]) values (27,N'沟通记录',27,1)
INSERT INTO [T_Prog_BizSteps] ([StepId],[StepName],[SortIndex],[ItemId]) values (28,N'签订合同（口头协议）',28,2)
INSERT INTO [T_Prog_BizSteps] ([StepId],[StepName],[SortIndex],[ItemId]) values (29,N'任务分派',29,2)
INSERT INTO [T_Prog_BizSteps] ([StepId],[StepName],[SortIndex],[ItemId]) values (30,N'资料收取',30,2)
INSERT INTO [T_Prog_BizSteps] ([StepId],[StepName],[SortIndex],[ItemId]) values (31,N'核名',31,2)
INSERT INTO [T_Prog_BizSteps] ([StepId],[StepName],[SortIndex],[ItemId]) values (32,N'工商移出异常',32,2)
INSERT INTO [T_Prog_BizSteps] ([StepId],[StepName],[SortIndex],[ItemId]) values (33,N'工商档案迁移',33,2)
INSERT INTO [T_Prog_BizSteps] ([StepId],[StepName],[SortIndex],[ItemId]) values (34,N'提交设立',34,2)
INSERT INTO [T_Prog_BizSteps] ([StepId],[StepName],[SortIndex],[ItemId]) values (35,N'领取营业执照',35,2)
INSERT INTO [T_Prog_BizSteps] ([StepId],[StepName],[SortIndex],[ItemId]) values (36,N'印章刻制',36,2)
INSERT INTO [T_Prog_BizSteps] ([StepId],[StepName],[SortIndex],[ItemId]) values (37,N'领取印章',37,2)
INSERT INTO [T_Prog_BizSteps] ([StepId],[StepName],[SortIndex],[ItemId]) values (38,N'工商查档',38,2)
INSERT INTO [T_Prog_BizSteps] ([StepId],[StepName],[SortIndex],[ItemId]) values (39,N'税局信息采集',39,2)
INSERT INTO [T_Prog_BizSteps] ([StepId],[StepName],[SortIndex],[ItemId]) values (40,N'国税异常处理',40,2)
INSERT INTO [T_Prog_BizSteps] ([StepId],[StepName],[SortIndex],[ItemId]) values (41,N'地税异常处理',41,2)
INSERT INTO [T_Prog_BizSteps] ([StepId],[StepName],[SortIndex],[ItemId]) values (42,N'国税备案',42,2)
INSERT INTO [T_Prog_BizSteps] ([StepId],[StepName],[SortIndex],[ItemId]) values (43,N'地税备案',43,2)
INSERT INTO [T_Prog_BizSteps] ([StepId],[StepName],[SortIndex],[ItemId]) values (44,N'银行对公户信息变更',44,2)
INSERT INTO [T_Prog_BizSteps] ([StepId],[StepName],[SortIndex],[ItemId]) values (45,N'三方协议扣款重签',45,2)
INSERT INTO [T_Prog_BizSteps] ([StepId],[StepName],[SortIndex],[ItemId]) values (46,N'发票验旧及税盘重发行',46,2)
INSERT INTO [T_Prog_BizSteps] ([StepId],[StepName],[SortIndex],[ItemId]) values (47,N'代垫费用',47,2)
INSERT INTO [T_Prog_BizSteps] ([StepId],[StepName],[SortIndex],[ItemId]) values (48,N'费用对账',48,2)
INSERT INTO [T_Prog_BizSteps] ([StepId],[StepName],[SortIndex],[ItemId]) values (49,N'费用收取',49,2)
INSERT INTO [T_Prog_BizSteps] ([StepId],[StepName],[SortIndex],[ItemId]) values (50,N'资料归档',50,2)
INSERT INTO [T_Prog_BizSteps] ([StepId],[StepName],[SortIndex],[ItemId]) values (51,N'资料归还',51,2)
INSERT INTO [T_Prog_BizSteps] ([StepId],[StepName],[SortIndex],[ItemId]) values (52,N'客户回访',52,2)
INSERT INTO [T_Prog_BizSteps] ([StepId],[StepName],[SortIndex],[ItemId]) values (53,N'工商年报',53,2)
INSERT INTO [T_Prog_BizSteps] ([StepId],[StepName],[SortIndex],[ItemId]) values (54,N'沟通记录',54,2)
INSERT INTO [T_Prog_BizSteps] ([StepId],[StepName],[SortIndex],[ItemId]) values (55,N'签订合同（口头协议）',55,3)
INSERT INTO [T_Prog_BizSteps] ([StepId],[StepName],[SortIndex],[ItemId]) values (56,N'任务分派',56,3)
INSERT INTO [T_Prog_BizSteps] ([StepId],[StepName],[SortIndex],[ItemId]) values (57,N'资料收取',57,3)
INSERT INTO [T_Prog_BizSteps] ([StepId],[StepName],[SortIndex],[ItemId]) values (58,N'核名',58,3)
INSERT INTO [T_Prog_BizSteps] ([StepId],[StepName],[SortIndex],[ItemId]) values (59,N'工商移出异常',59,3)
INSERT INTO [T_Prog_BizSteps] ([StepId],[StepName],[SortIndex],[ItemId]) values (60,N'工商档案迁移',60,3)
INSERT INTO [T_Prog_BizSteps] ([StepId],[StepName],[SortIndex],[ItemId]) values (61,N'提交设立',61,3)
INSERT INTO [T_Prog_BizSteps] ([StepId],[StepName],[SortIndex],[ItemId]) values (62,N'领取营业执照',62,3)
INSERT INTO [T_Prog_BizSteps] ([StepId],[StepName],[SortIndex],[ItemId]) values (63,N'印章刻制',63,3)
INSERT INTO [T_Prog_BizSteps] ([StepId],[StepName],[SortIndex],[ItemId]) values (64,N'领取印章',64,3)
INSERT INTO [T_Prog_BizSteps] ([StepId],[StepName],[SortIndex],[ItemId]) values (65,N'工商查档',65,3)
INSERT INTO [T_Prog_BizSteps] ([StepId],[StepName],[SortIndex],[ItemId]) values (66,N'税局信息采集',66,3)
INSERT INTO [T_Prog_BizSteps] ([StepId],[StepName],[SortIndex],[ItemId]) values (67,N'国税异常处理',67,3)
INSERT INTO [T_Prog_BizSteps] ([StepId],[StepName],[SortIndex],[ItemId]) values (68,N'地税异常处理',68,3)
INSERT INTO [T_Prog_BizSteps] ([StepId],[StepName],[SortIndex],[ItemId]) values (69,N'国税备案',69,3)
INSERT INTO [T_Prog_BizSteps] ([StepId],[StepName],[SortIndex],[ItemId]) values (70,N'地税备案',70,3)
INSERT INTO [T_Prog_BizSteps] ([StepId],[StepName],[SortIndex],[ItemId]) values (71,N'银行对公户信息变更',71,3)
INSERT INTO [T_Prog_BizSteps] ([StepId],[StepName],[SortIndex],[ItemId]) values (72,N'三方协议扣款重签',72,3)
INSERT INTO [T_Prog_BizSteps] ([StepId],[StepName],[SortIndex],[ItemId]) values (73,N'发票验旧及税盘重发行',73,3)
INSERT INTO [T_Prog_BizSteps] ([StepId],[StepName],[SortIndex],[ItemId]) values (74,N'代垫费用',74,3)
INSERT INTO [T_Prog_BizSteps] ([StepId],[StepName],[SortIndex],[ItemId]) values (75,N'费用对账',75,3)
INSERT INTO [T_Prog_BizSteps] ([StepId],[StepName],[SortIndex],[ItemId]) values (76,N'费用收取',76,3)
INSERT INTO [T_Prog_BizSteps] ([StepId],[StepName],[SortIndex],[ItemId]) values (77,N'资料归档',77,3)
INSERT INTO [T_Prog_BizSteps] ([StepId],[StepName],[SortIndex],[ItemId]) values (78,N'资料归还',78,3)
INSERT INTO [T_Prog_BizSteps] ([StepId],[StepName],[SortIndex],[ItemId]) values (79,N'客户回访',79,3)
INSERT INTO [T_Prog_BizSteps] ([StepId],[StepName],[SortIndex],[ItemId]) values (80,N'工商年报',80,3)
INSERT INTO [T_Prog_BizSteps] ([StepId],[StepName],[SortIndex],[ItemId]) values (81,N'沟通记录',81,3)
INSERT INTO [T_Prog_BizSteps] ([StepId],[StepName],[SortIndex],[ItemId]) values (82,N'签订合同（口头协议）',82,4)
INSERT INTO [T_Prog_BizSteps] ([StepId],[StepName],[SortIndex],[ItemId]) values (83,N'任务分派',83,4)
INSERT INTO [T_Prog_BizSteps] ([StepId],[StepName],[SortIndex],[ItemId]) values (84,N'资料收取',84,4)
INSERT INTO [T_Prog_BizSteps] ([StepId],[StepName],[SortIndex],[ItemId]) values (85,N'核名',85,4)
INSERT INTO [T_Prog_BizSteps] ([StepId],[StepName],[SortIndex],[ItemId]) values (86,N'工商移出异常',86,4)
INSERT INTO [T_Prog_BizSteps] ([StepId],[StepName],[SortIndex],[ItemId]) values (87,N'工商档案迁移',87,4)
INSERT INTO [T_Prog_BizSteps] ([StepId],[StepName],[SortIndex],[ItemId]) values (88,N'提交设立',88,4)
INSERT INTO [T_Prog_BizSteps] ([StepId],[StepName],[SortIndex],[ItemId]) values (89,N'领取营业执照',89,4)
INSERT INTO [T_Prog_BizSteps] ([StepId],[StepName],[SortIndex],[ItemId]) values (90,N'印章刻制',90,4)
INSERT INTO [T_Prog_BizSteps] ([StepId],[StepName],[SortIndex],[ItemId]) values (91,N'领取印章',91,4)
INSERT INTO [T_Prog_BizSteps] ([StepId],[StepName],[SortIndex],[ItemId]) values (92,N'工商查档',92,4)
INSERT INTO [T_Prog_BizSteps] ([StepId],[StepName],[SortIndex],[ItemId]) values (93,N'税局信息采集',93,4)
INSERT INTO [T_Prog_BizSteps] ([StepId],[StepName],[SortIndex],[ItemId]) values (94,N'国税异常处理',94,4)
INSERT INTO [T_Prog_BizSteps] ([StepId],[StepName],[SortIndex],[ItemId]) values (95,N'地税异常处理',95,4)
INSERT INTO [T_Prog_BizSteps] ([StepId],[StepName],[SortIndex],[ItemId]) values (96,N'国税备案',96,4)
INSERT INTO [T_Prog_BizSteps] ([StepId],[StepName],[SortIndex],[ItemId]) values (97,N'地税备案',97,4)
INSERT INTO [T_Prog_BizSteps] ([StepId],[StepName],[SortIndex],[ItemId]) values (98,N'银行对公户信息变更',98,4)
INSERT INTO [T_Prog_BizSteps] ([StepId],[StepName],[SortIndex],[ItemId]) values (99,N'三方协议扣款重签',99,4)
INSERT INTO [T_Prog_BizSteps] ([StepId],[StepName],[SortIndex],[ItemId]) values (100,N'发票验旧及税盘重发行',100,4)
INSERT INTO [T_Prog_BizSteps] ([StepId],[StepName],[SortIndex],[ItemId]) values (101,N'代垫费用',101,4)
INSERT INTO [T_Prog_BizSteps] ([StepId],[StepName],[SortIndex],[ItemId]) values (102,N'费用对账',102,4)
INSERT INTO [T_Prog_BizSteps] ([StepId],[StepName],[SortIndex],[ItemId]) values (103,N'费用收取',103,4)
INSERT INTO [T_Prog_BizSteps] ([StepId],[StepName],[SortIndex],[ItemId]) values (104,N'资料归档',104,4)
INSERT INTO [T_Prog_BizSteps] ([StepId],[StepName],[SortIndex],[ItemId]) values (105,N'资料归还',105,4)
INSERT INTO [T_Prog_BizSteps] ([StepId],[StepName],[SortIndex],[ItemId]) values (106,N'客户回访',106,4)
INSERT INTO [T_Prog_BizSteps] ([StepId],[StepName],[SortIndex],[ItemId]) values (107,N'工商年报',107,4)
INSERT INTO [T_Prog_BizSteps] ([StepId],[StepName],[SortIndex],[ItemId]) values (108,N'沟通记录',108,4)
INSERT INTO [T_Prog_BizSteps] ([StepId],[StepName],[SortIndex],[ItemId]) values (109,N'签订合同（口头协议）',109,5)
INSERT INTO [T_Prog_BizSteps] ([StepId],[StepName],[SortIndex],[ItemId]) values (110,N'任务分派',110,5)
INSERT INTO [T_Prog_BizSteps] ([StepId],[StepName],[SortIndex],[ItemId]) values (111,N'资料收取',111,5)
INSERT INTO [T_Prog_BizSteps] ([StepId],[StepName],[SortIndex],[ItemId]) values (112,N'核名',112,5)
INSERT INTO [T_Prog_BizSteps] ([StepId],[StepName],[SortIndex],[ItemId]) values (113,N'工商移出异常',113,5)
INSERT INTO [T_Prog_BizSteps] ([StepId],[StepName],[SortIndex],[ItemId]) values (114,N'工商档案迁移',114,5)
INSERT INTO [T_Prog_BizSteps] ([StepId],[StepName],[SortIndex],[ItemId]) values (115,N'提交设立',115,5)
INSERT INTO [T_Prog_BizSteps] ([StepId],[StepName],[SortIndex],[ItemId]) values (116,N'领取营业执照',116,5)
INSERT INTO [T_Prog_BizSteps] ([StepId],[StepName],[SortIndex],[ItemId]) values (117,N'印章刻制',117,5)
INSERT INTO [T_Prog_BizSteps] ([StepId],[StepName],[SortIndex],[ItemId]) values (118,N'领取印章',118,5)
INSERT INTO [T_Prog_BizSteps] ([StepId],[StepName],[SortIndex],[ItemId]) values (119,N'工商查档',119,5)
INSERT INTO [T_Prog_BizSteps] ([StepId],[StepName],[SortIndex],[ItemId]) values (120,N'税局信息采集',120,5)
INSERT INTO [T_Prog_BizSteps] ([StepId],[StepName],[SortIndex],[ItemId]) values (121,N'国税异常处理',121,5)
INSERT INTO [T_Prog_BizSteps] ([StepId],[StepName],[SortIndex],[ItemId]) values (122,N'地税异常处理',122,5)
INSERT INTO [T_Prog_BizSteps] ([StepId],[StepName],[SortIndex],[ItemId]) values (123,N'国税备案',123,5)
INSERT INTO [T_Prog_BizSteps] ([StepId],[StepName],[SortIndex],[ItemId]) values (124,N'地税备案',124,5)
INSERT INTO [T_Prog_BizSteps] ([StepId],[StepName],[SortIndex],[ItemId]) values (125,N'银行对公户信息变更',125,5)
INSERT INTO [T_Prog_BizSteps] ([StepId],[StepName],[SortIndex],[ItemId]) values (126,N'三方协议扣款重签',126,5)
INSERT INTO [T_Prog_BizSteps] ([StepId],[StepName],[SortIndex],[ItemId]) values (127,N'发票验旧及税盘重发行',127,5)
INSERT INTO [T_Prog_BizSteps] ([StepId],[StepName],[SortIndex],[ItemId]) values (128,N'代垫费用',128,5)
INSERT INTO [T_Prog_BizSteps] ([StepId],[StepName],[SortIndex],[ItemId]) values (129,N'费用对账',129,5)
INSERT INTO [T_Prog_BizSteps] ([StepId],[StepName],[SortIndex],[ItemId]) values (130,N'费用收取',130,5)
INSERT INTO [T_Prog_BizSteps] ([StepId],[StepName],[SortIndex],[ItemId]) values (131,N'资料归档',131,5)
INSERT INTO [T_Prog_BizSteps] ([StepId],[StepName],[SortIndex],[ItemId]) values (132,N'资料归还',132,5)
INSERT INTO [T_Prog_BizSteps] ([StepId],[StepName],[SortIndex],[ItemId]) values (133,N'客户回访',133,5)
INSERT INTO [T_Prog_BizSteps] ([StepId],[StepName],[SortIndex],[ItemId]) values (134,N'工商年报',134,5)
INSERT INTO [T_Prog_BizSteps] ([StepId],[StepName],[SortIndex],[ItemId]) values (135,N'沟通记录',135,5)
INSERT INTO [T_Prog_BizSteps] ([StepId],[StepName],[SortIndex],[ItemId]) values (136,N'签订合同（口头协议）',136,6)
INSERT INTO [T_Prog_BizSteps] ([StepId],[StepName],[SortIndex],[ItemId]) values (137,N'任务分派',137,6)
INSERT INTO [T_Prog_BizSteps] ([StepId],[StepName],[SortIndex],[ItemId]) values (138,N'资料收取',138,6)
INSERT INTO [T_Prog_BizSteps] ([StepId],[StepName],[SortIndex],[ItemId]) values (139,N'核名',139,6)
INSERT INTO [T_Prog_BizSteps] ([StepId],[StepName],[SortIndex],[ItemId]) values (140,N'工商移出异常',140,6)
INSERT INTO [T_Prog_BizSteps] ([StepId],[StepName],[SortIndex],[ItemId]) values (141,N'工商档案迁移',141,6)
INSERT INTO [T_Prog_BizSteps] ([StepId],[StepName],[SortIndex],[ItemId]) values (142,N'提交设立',142,6)
INSERT INTO [T_Prog_BizSteps] ([StepId],[StepName],[SortIndex],[ItemId]) values (143,N'领取营业执照',143,6)
INSERT INTO [T_Prog_BizSteps] ([StepId],[StepName],[SortIndex],[ItemId]) values (144,N'印章刻制',144,6)
INSERT INTO [T_Prog_BizSteps] ([StepId],[StepName],[SortIndex],[ItemId]) values (145,N'领取印章',145,6)
INSERT INTO [T_Prog_BizSteps] ([StepId],[StepName],[SortIndex],[ItemId]) values (146,N'工商查档',146,6)
INSERT INTO [T_Prog_BizSteps] ([StepId],[StepName],[SortIndex],[ItemId]) values (147,N'税局信息采集',147,6)
INSERT INTO [T_Prog_BizSteps] ([StepId],[StepName],[SortIndex],[ItemId]) values (148,N'国税异常处理',148,6)
INSERT INTO [T_Prog_BizSteps] ([StepId],[StepName],[SortIndex],[ItemId]) values (149,N'地税异常处理',149,6)
INSERT INTO [T_Prog_BizSteps] ([StepId],[StepName],[SortIndex],[ItemId]) values (150,N'国税备案',150,6)
INSERT INTO [T_Prog_BizSteps] ([StepId],[StepName],[SortIndex],[ItemId]) values (151,N'地税备案',151,6)
INSERT INTO [T_Prog_BizSteps] ([StepId],[StepName],[SortIndex],[ItemId]) values (152,N'银行对公户信息变更',152,6)
INSERT INTO [T_Prog_BizSteps] ([StepId],[StepName],[SortIndex],[ItemId]) values (153,N'三方协议扣款重签',153,6)
INSERT INTO [T_Prog_BizSteps] ([StepId],[StepName],[SortIndex],[ItemId]) values (154,N'发票验旧及税盘重发行',154,6)
INSERT INTO [T_Prog_BizSteps] ([StepId],[StepName],[SortIndex],[ItemId]) values (155,N'代垫费用',155,6)
INSERT INTO [T_Prog_BizSteps] ([StepId],[StepName],[SortIndex],[ItemId]) values (156,N'费用对账',156,6)
INSERT INTO [T_Prog_BizSteps] ([StepId],[StepName],[SortIndex],[ItemId]) values (157,N'费用收取',157,6)
INSERT INTO [T_Prog_BizSteps] ([StepId],[StepName],[SortIndex],[ItemId]) values (158,N'资料归档',158,6)
INSERT INTO [T_Prog_BizSteps] ([StepId],[StepName],[SortIndex],[ItemId]) values (159,N'资料归还',159,6)
INSERT INTO [T_Prog_BizSteps] ([StepId],[StepName],[SortIndex],[ItemId]) values (160,N'客户回访',160,6)
INSERT INTO [T_Prog_BizSteps] ([StepId],[StepName],[SortIndex],[ItemId]) values (161,N'工商年报',161,6)
INSERT INTO [T_Prog_BizSteps] ([StepId],[StepName],[SortIndex],[ItemId]) values (162,N'沟通记录',162,6)
INSERT INTO [T_Prog_BizSteps] ([StepId],[StepName],[SortIndex],[ItemId]) values (163,N'签订合同（口头协议）',163,7)
INSERT INTO [T_Prog_BizSteps] ([StepId],[StepName],[SortIndex],[ItemId]) values (164,N'任务分派',164,7)
INSERT INTO [T_Prog_BizSteps] ([StepId],[StepName],[SortIndex],[ItemId]) values (165,N'资料收取',165,7)
INSERT INTO [T_Prog_BizSteps] ([StepId],[StepName],[SortIndex],[ItemId]) values (166,N'核名',166,7)
INSERT INTO [T_Prog_BizSteps] ([StepId],[StepName],[SortIndex],[ItemId]) values (167,N'工商移出异常',167,7)
INSERT INTO [T_Prog_BizSteps] ([StepId],[StepName],[SortIndex],[ItemId]) values (168,N'工商档案迁移',168,7)
INSERT INTO [T_Prog_BizSteps] ([StepId],[StepName],[SortIndex],[ItemId]) values (169,N'提交设立',169,7)
INSERT INTO [T_Prog_BizSteps] ([StepId],[StepName],[SortIndex],[ItemId]) values (170,N'领取营业执照',170,7)
INSERT INTO [T_Prog_BizSteps] ([StepId],[StepName],[SortIndex],[ItemId]) values (171,N'印章刻制',171,7)
INSERT INTO [T_Prog_BizSteps] ([StepId],[StepName],[SortIndex],[ItemId]) values (172,N'领取印章',172,7)
INSERT INTO [T_Prog_BizSteps] ([StepId],[StepName],[SortIndex],[ItemId]) values (173,N'工商查档',173,7)
INSERT INTO [T_Prog_BizSteps] ([StepId],[StepName],[SortIndex],[ItemId]) values (174,N'税局信息采集',174,7)
INSERT INTO [T_Prog_BizSteps] ([StepId],[StepName],[SortIndex],[ItemId]) values (175,N'国税异常处理',175,7)
INSERT INTO [T_Prog_BizSteps] ([StepId],[StepName],[SortIndex],[ItemId]) values (176,N'地税异常处理',176,7)
INSERT INTO [T_Prog_BizSteps] ([StepId],[StepName],[SortIndex],[ItemId]) values (177,N'国税备案',177,7)
INSERT INTO [T_Prog_BizSteps] ([StepId],[StepName],[SortIndex],[ItemId]) values (178,N'地税备案',178,7)
INSERT INTO [T_Prog_BizSteps] ([StepId],[StepName],[SortIndex],[ItemId]) values (179,N'银行对公户信息变更',179,7)
INSERT INTO [T_Prog_BizSteps] ([StepId],[StepName],[SortIndex],[ItemId]) values (180,N'三方协议扣款重签',180,7)
INSERT INTO [T_Prog_BizSteps] ([StepId],[StepName],[SortIndex],[ItemId]) values (181,N'发票验旧及税盘重发行',181,7)
INSERT INTO [T_Prog_BizSteps] ([StepId],[StepName],[SortIndex],[ItemId]) values (182,N'代垫费用',182,7)
INSERT INTO [T_Prog_BizSteps] ([StepId],[StepName],[SortIndex],[ItemId]) values (183,N'费用对账',183,7)
INSERT INTO [T_Prog_BizSteps] ([StepId],[StepName],[SortIndex],[ItemId]) values (184,N'费用收取',184,7)
INSERT INTO [T_Prog_BizSteps] ([StepId],[StepName],[SortIndex],[ItemId]) values (185,N'资料归档',185,7)
INSERT INTO [T_Prog_BizSteps] ([StepId],[StepName],[SortIndex],[ItemId]) values (186,N'资料归还',186,7)
INSERT INTO [T_Prog_BizSteps] ([StepId],[StepName],[SortIndex],[ItemId]) values (187,N'客户回访',187,7)
INSERT INTO [T_Prog_BizSteps] ([StepId],[StepName],[SortIndex],[ItemId]) values (188,N'工商年报',188,7)
INSERT INTO [T_Prog_BizSteps] ([StepId],[StepName],[SortIndex],[ItemId]) values (189,N'沟通记录',189,7)
INSERT INTO [T_Prog_BizSteps] ([StepId],[StepName],[SortIndex],[ItemId]) values (190,N'签订合同（口头协议）',190,8)
INSERT INTO [T_Prog_BizSteps] ([StepId],[StepName],[SortIndex],[ItemId]) values (191,N'任务分派',191,8)
INSERT INTO [T_Prog_BizSteps] ([StepId],[StepName],[SortIndex],[ItemId]) values (192,N'资料收取',192,8)
INSERT INTO [T_Prog_BizSteps] ([StepId],[StepName],[SortIndex],[ItemId]) values (193,N'核名',193,8)
INSERT INTO [T_Prog_BizSteps] ([StepId],[StepName],[SortIndex],[ItemId]) values (194,N'工商移出异常',194,8)
INSERT INTO [T_Prog_BizSteps] ([StepId],[StepName],[SortIndex],[ItemId]) values (195,N'工商档案迁移',195,8)
INSERT INTO [T_Prog_BizSteps] ([StepId],[StepName],[SortIndex],[ItemId]) values (196,N'提交设立',196,8)
INSERT INTO [T_Prog_BizSteps] ([StepId],[StepName],[SortIndex],[ItemId]) values (197,N'领取营业执照',197,8)
INSERT INTO [T_Prog_BizSteps] ([StepId],[StepName],[SortIndex],[ItemId]) values (198,N'印章刻制',198,8)
INSERT INTO [T_Prog_BizSteps] ([StepId],[StepName],[SortIndex],[ItemId]) values (199,N'领取印章',199,8)
INSERT INTO [T_Prog_BizSteps] ([StepId],[StepName],[SortIndex],[ItemId]) values (200,N'工商查档',200,8)
INSERT INTO [T_Prog_BizSteps] ([StepId],[StepName],[SortIndex],[ItemId]) values (201,N'税局信息采集',201,8)
INSERT INTO [T_Prog_BizSteps] ([StepId],[StepName],[SortIndex],[ItemId]) values (202,N'国税异常处理',202,8)
INSERT INTO [T_Prog_BizSteps] ([StepId],[StepName],[SortIndex],[ItemId]) values (203,N'地税异常处理',203,8)
INSERT INTO [T_Prog_BizSteps] ([StepId],[StepName],[SortIndex],[ItemId]) values (204,N'国税备案',204,8)
INSERT INTO [T_Prog_BizSteps] ([StepId],[StepName],[SortIndex],[ItemId]) values (205,N'地税备案',205,8)
INSERT INTO [T_Prog_BizSteps] ([StepId],[StepName],[SortIndex],[ItemId]) values (206,N'银行对公户信息变更',206,8)
INSERT INTO [T_Prog_BizSteps] ([StepId],[StepName],[SortIndex],[ItemId]) values (207,N'三方协议扣款重签',207,8)
INSERT INTO [T_Prog_BizSteps] ([StepId],[StepName],[SortIndex],[ItemId]) values (208,N'发票验旧及税盘重发行',208,8)
INSERT INTO [T_Prog_BizSteps] ([StepId],[StepName],[SortIndex],[ItemId]) values (209,N'代垫费用',209,8)
INSERT INTO [T_Prog_BizSteps] ([StepId],[StepName],[SortIndex],[ItemId]) values (210,N'费用对账',210,8)
INSERT INTO [T_Prog_BizSteps] ([StepId],[StepName],[SortIndex],[ItemId]) values (211,N'费用收取',211,8)
INSERT INTO [T_Prog_BizSteps] ([StepId],[StepName],[SortIndex],[ItemId]) values (212,N'资料归档',212,8)
INSERT INTO [T_Prog_BizSteps] ([StepId],[StepName],[SortIndex],[ItemId]) values (213,N'资料归还',213,8)
INSERT INTO [T_Prog_BizSteps] ([StepId],[StepName],[SortIndex],[ItemId]) values (214,N'客户回访',214,8)
INSERT INTO [T_Prog_BizSteps] ([StepId],[StepName],[SortIndex],[ItemId]) values (215,N'工商年报',215,8)
INSERT INTO [T_Prog_BizSteps] ([StepId],[StepName],[SortIndex],[ItemId]) values (216,N'沟通记录',216,8)
INSERT INTO [T_Prog_BizSteps] ([StepId],[StepName],[SortIndex],[ItemId]) values (217,N'签订合同（口头协议）',217,9)
INSERT INTO [T_Prog_BizSteps] ([StepId],[StepName],[SortIndex],[ItemId]) values (218,N'任务分派',218,9)
INSERT INTO [T_Prog_BizSteps] ([StepId],[StepName],[SortIndex],[ItemId]) values (219,N'资料收取',219,9)
INSERT INTO [T_Prog_BizSteps] ([StepId],[StepName],[SortIndex],[ItemId]) values (220,N'核名',220,9)
INSERT INTO [T_Prog_BizSteps] ([StepId],[StepName],[SortIndex],[ItemId]) values (221,N'工商移出异常',221,9)
INSERT INTO [T_Prog_BizSteps] ([StepId],[StepName],[SortIndex],[ItemId]) values (222,N'工商档案迁移',222,9)
INSERT INTO [T_Prog_BizSteps] ([StepId],[StepName],[SortIndex],[ItemId]) values (223,N'提交设立',223,9)
INSERT INTO [T_Prog_BizSteps] ([StepId],[StepName],[SortIndex],[ItemId]) values (224,N'领取营业执照',224,9)
INSERT INTO [T_Prog_BizSteps] ([StepId],[StepName],[SortIndex],[ItemId]) values (225,N'印章刻制',225,9)
INSERT INTO [T_Prog_BizSteps] ([StepId],[StepName],[SortIndex],[ItemId]) values (226,N'领取印章',226,9)
INSERT INTO [T_Prog_BizSteps] ([StepId],[StepName],[SortIndex],[ItemId]) values (227,N'工商查档',227,9)
INSERT INTO [T_Prog_BizSteps] ([StepId],[StepName],[SortIndex],[ItemId]) values (228,N'税局信息采集',228,9)
INSERT INTO [T_Prog_BizSteps] ([StepId],[StepName],[SortIndex],[ItemId]) values (229,N'国税异常处理',229,9)
INSERT INTO [T_Prog_BizSteps] ([StepId],[StepName],[SortIndex],[ItemId]) values (230,N'地税异常处理',230,9)
INSERT INTO [T_Prog_BizSteps] ([StepId],[StepName],[SortIndex],[ItemId]) values (231,N'国税备案',231,9)
INSERT INTO [T_Prog_BizSteps] ([StepId],[StepName],[SortIndex],[ItemId]) values (232,N'地税备案',232,9)
INSERT INTO [T_Prog_BizSteps] ([StepId],[StepName],[SortIndex],[ItemId]) values (233,N'银行对公户信息变更',233,9)
INSERT INTO [T_Prog_BizSteps] ([StepId],[StepName],[SortIndex],[ItemId]) values (234,N'三方协议扣款重签',234,9)
INSERT INTO [T_Prog_BizSteps] ([StepId],[StepName],[SortIndex],[ItemId]) values (235,N'发票验旧及税盘重发行',235,9)
INSERT INTO [T_Prog_BizSteps] ([StepId],[StepName],[SortIndex],[ItemId]) values (236,N'代垫费用',236,9)
INSERT INTO [T_Prog_BizSteps] ([StepId],[StepName],[SortIndex],[ItemId]) values (237,N'费用对账',237,9)
INSERT INTO [T_Prog_BizSteps] ([StepId],[StepName],[SortIndex],[ItemId]) values (238,N'费用收取',238,9)
INSERT INTO [T_Prog_BizSteps] ([StepId],[StepName],[SortIndex],[ItemId]) values (239,N'资料归档',239,9)
INSERT INTO [T_Prog_BizSteps] ([StepId],[StepName],[SortIndex],[ItemId]) values (240,N'资料归还',240,9)
INSERT INTO [T_Prog_BizSteps] ([StepId],[StepName],[SortIndex],[ItemId]) values (241,N'客户回访',241,9)
INSERT INTO [T_Prog_BizSteps] ([StepId],[StepName],[SortIndex],[ItemId]) values (242,N'工商年报',242,9)
INSERT INTO [T_Prog_BizSteps] ([StepId],[StepName],[SortIndex],[ItemId]) values (243,N'沟通记录',243,9)
INSERT INTO [T_Prog_BizSteps] ([StepId],[StepName],[SortIndex],[ItemId]) values (244,N'签订合同（口头协议）',244,10)
INSERT INTO [T_Prog_BizSteps] ([StepId],[StepName],[SortIndex],[ItemId]) values (245,N'任务分派',245,10)
INSERT INTO [T_Prog_BizSteps] ([StepId],[StepName],[SortIndex],[ItemId]) values (246,N'资料收取',246,10)
INSERT INTO [T_Prog_BizSteps] ([StepId],[StepName],[SortIndex],[ItemId]) values (247,N'核名',247,10)
INSERT INTO [T_Prog_BizSteps] ([StepId],[StepName],[SortIndex],[ItemId]) values (248,N'工商移出异常',248,10)
INSERT INTO [T_Prog_BizSteps] ([StepId],[StepName],[SortIndex],[ItemId]) values (249,N'工商档案迁移',249,10)
INSERT INTO [T_Prog_BizSteps] ([StepId],[StepName],[SortIndex],[ItemId]) values (250,N'提交设立',250,10)
INSERT INTO [T_Prog_BizSteps] ([StepId],[StepName],[SortIndex],[ItemId]) values (251,N'领取营业执照',251,10)
INSERT INTO [T_Prog_BizSteps] ([StepId],[StepName],[SortIndex],[ItemId]) values (252,N'印章刻制',252,10)
INSERT INTO [T_Prog_BizSteps] ([StepId],[StepName],[SortIndex],[ItemId]) values (253,N'领取印章',253,10)
INSERT INTO [T_Prog_BizSteps] ([StepId],[StepName],[SortIndex],[ItemId]) values (254,N'工商查档',254,10)
INSERT INTO [T_Prog_BizSteps] ([StepId],[StepName],[SortIndex],[ItemId]) values (255,N'税局信息采集',255,10)
INSERT INTO [T_Prog_BizSteps] ([StepId],[StepName],[SortIndex],[ItemId]) values (256,N'国税异常处理',256,10)
INSERT INTO [T_Prog_BizSteps] ([StepId],[StepName],[SortIndex],[ItemId]) values (257,N'地税异常处理',257,10)
INSERT INTO [T_Prog_BizSteps] ([StepId],[StepName],[SortIndex],[ItemId]) values (258,N'国税备案',258,10)
INSERT INTO [T_Prog_BizSteps] ([StepId],[StepName],[SortIndex],[ItemId]) values (259,N'地税备案',259,10)
INSERT INTO [T_Prog_BizSteps] ([StepId],[StepName],[SortIndex],[ItemId]) values (260,N'银行对公户信息变更',260,10)
INSERT INTO [T_Prog_BizSteps] ([StepId],[StepName],[SortIndex],[ItemId]) values (261,N'三方协议扣款重签',261,10)
INSERT INTO [T_Prog_BizSteps] ([StepId],[StepName],[SortIndex],[ItemId]) values (262,N'发票验旧及税盘重发行',262,10)
INSERT INTO [T_Prog_BizSteps] ([StepId],[StepName],[SortIndex],[ItemId]) values (263,N'代垫费用',263,10)
INSERT INTO [T_Prog_BizSteps] ([StepId],[StepName],[SortIndex],[ItemId]) values (264,N'费用对账',264,10)
INSERT INTO [T_Prog_BizSteps] ([StepId],[StepName],[SortIndex],[ItemId]) values (265,N'费用收取',265,10)
INSERT INTO [T_Prog_BizSteps] ([StepId],[StepName],[SortIndex],[ItemId]) values (266,N'资料归档',266,10)
INSERT INTO [T_Prog_BizSteps] ([StepId],[StepName],[SortIndex],[ItemId]) values (267,N'资料归还',267,10)
INSERT INTO [T_Prog_BizSteps] ([StepId],[StepName],[SortIndex],[ItemId]) values (268,N'客户回访',268,10)
INSERT INTO [T_Prog_BizSteps] ([StepId],[StepName],[SortIndex],[ItemId]) values (269,N'工商年报',269,10)
INSERT INTO [T_Prog_BizSteps] ([StepId],[StepName],[SortIndex],[ItemId]) values (270,N'沟通记录',270,10)
INSERT INTO [T_Prog_BizSteps] ([StepId],[StepName],[SortIndex],[ItemId]) values (271,N'签订合同（口头协议）',271,11)
INSERT INTO [T_Prog_BizSteps] ([StepId],[StepName],[SortIndex],[ItemId]) values (272,N'任务分派',272,11)
INSERT INTO [T_Prog_BizSteps] ([StepId],[StepName],[SortIndex],[ItemId]) values (273,N'资料收取',273,11)
INSERT INTO [T_Prog_BizSteps] ([StepId],[StepName],[SortIndex],[ItemId]) values (274,N'核名',274,11)
INSERT INTO [T_Prog_BizSteps] ([StepId],[StepName],[SortIndex],[ItemId]) values (275,N'工商移出异常',275,11)
INSERT INTO [T_Prog_BizSteps] ([StepId],[StepName],[SortIndex],[ItemId]) values (276,N'工商档案迁移',276,11)
INSERT INTO [T_Prog_BizSteps] ([StepId],[StepName],[SortIndex],[ItemId]) values (277,N'提交设立',277,11)
INSERT INTO [T_Prog_BizSteps] ([StepId],[StepName],[SortIndex],[ItemId]) values (278,N'领取营业执照',278,11)
INSERT INTO [T_Prog_BizSteps] ([StepId],[StepName],[SortIndex],[ItemId]) values (279,N'印章刻制',279,11)
INSERT INTO [T_Prog_BizSteps] ([StepId],[StepName],[SortIndex],[ItemId]) values (280,N'领取印章',280,11)
INSERT INTO [T_Prog_BizSteps] ([StepId],[StepName],[SortIndex],[ItemId]) values (281,N'工商查档',281,11)
INSERT INTO [T_Prog_BizSteps] ([StepId],[StepName],[SortIndex],[ItemId]) values (282,N'税局信息采集',282,11)
INSERT INTO [T_Prog_BizSteps] ([StepId],[StepName],[SortIndex],[ItemId]) values (283,N'国税异常处理',283,11)
INSERT INTO [T_Prog_BizSteps] ([StepId],[StepName],[SortIndex],[ItemId]) values (284,N'地税异常处理',284,11)
INSERT INTO [T_Prog_BizSteps] ([StepId],[StepName],[SortIndex],[ItemId]) values (285,N'国税备案',285,11)
INSERT INTO [T_Prog_BizSteps] ([StepId],[StepName],[SortIndex],[ItemId]) values (286,N'地税备案',286,11)
INSERT INTO [T_Prog_BizSteps] ([StepId],[StepName],[SortIndex],[ItemId]) values (287,N'银行对公户信息变更',287,11)
INSERT INTO [T_Prog_BizSteps] ([StepId],[StepName],[SortIndex],[ItemId]) values (288,N'三方协议扣款重签',288,11)
INSERT INTO [T_Prog_BizSteps] ([StepId],[StepName],[SortIndex],[ItemId]) values (289,N'发票验旧及税盘重发行',289,11)
INSERT INTO [T_Prog_BizSteps] ([StepId],[StepName],[SortIndex],[ItemId]) values (290,N'代垫费用',290,11)
INSERT INTO [T_Prog_BizSteps] ([StepId],[StepName],[SortIndex],[ItemId]) values (291,N'费用对账',291,11)
INSERT INTO [T_Prog_BizSteps] ([StepId],[StepName],[SortIndex],[ItemId]) values (292,N'费用收取',292,11)
INSERT INTO [T_Prog_BizSteps] ([StepId],[StepName],[SortIndex],[ItemId]) values (293,N'资料归档',293,11)
INSERT INTO [T_Prog_BizSteps] ([StepId],[StepName],[SortIndex],[ItemId]) values (294,N'资料归还',294,11)
INSERT INTO [T_Prog_BizSteps] ([StepId],[StepName],[SortIndex],[ItemId]) values (295,N'客户回访',295,11)
INSERT INTO [T_Prog_BizSteps] ([StepId],[StepName],[SortIndex],[ItemId]) values (296,N'工商年报',296,11)
INSERT INTO [T_Prog_BizSteps] ([StepId],[StepName],[SortIndex],[ItemId]) values (297,N'沟通记录',297,11)
INSERT INTO [T_Prog_BizSteps] ([StepId],[StepName],[SortIndex],[ItemId]) values (298,N'签订合同（口头协议）',298,12)
INSERT INTO [T_Prog_BizSteps] ([StepId],[StepName],[SortIndex],[ItemId]) values (299,N'任务分派',299,12)
INSERT INTO [T_Prog_BizSteps] ([StepId],[StepName],[SortIndex],[ItemId]) values (300,N'资料收取',300,12)
INSERT INTO [T_Prog_BizSteps] ([StepId],[StepName],[SortIndex],[ItemId]) values (301,N'核名',301,12)
INSERT INTO [T_Prog_BizSteps] ([StepId],[StepName],[SortIndex],[ItemId]) values (302,N'工商移出异常',302,12)
INSERT INTO [T_Prog_BizSteps] ([StepId],[StepName],[SortIndex],[ItemId]) values (303,N'工商档案迁移',303,12)
INSERT INTO [T_Prog_BizSteps] ([StepId],[StepName],[SortIndex],[ItemId]) values (304,N'提交设立',304,12)
INSERT INTO [T_Prog_BizSteps] ([StepId],[StepName],[SortIndex],[ItemId]) values (305,N'领取营业执照',305,12)
INSERT INTO [T_Prog_BizSteps] ([StepId],[StepName],[SortIndex],[ItemId]) values (306,N'印章刻制',306,12)
INSERT INTO [T_Prog_BizSteps] ([StepId],[StepName],[SortIndex],[ItemId]) values (307,N'领取印章',307,12)
INSERT INTO [T_Prog_BizSteps] ([StepId],[StepName],[SortIndex],[ItemId]) values (308,N'工商查档',308,12)
INSERT INTO [T_Prog_BizSteps] ([StepId],[StepName],[SortIndex],[ItemId]) values (309,N'税局信息采集',309,12)
INSERT INTO [T_Prog_BizSteps] ([StepId],[StepName],[SortIndex],[ItemId]) values (310,N'国税异常处理',310,12)
INSERT INTO [T_Prog_BizSteps] ([StepId],[StepName],[SortIndex],[ItemId]) values (311,N'地税异常处理',311,12)
INSERT INTO [T_Prog_BizSteps] ([StepId],[StepName],[SortIndex],[ItemId]) values (312,N'国税备案',312,12)
INSERT INTO [T_Prog_BizSteps] ([StepId],[StepName],[SortIndex],[ItemId]) values (313,N'地税备案',313,12)
INSERT INTO [T_Prog_BizSteps] ([StepId],[StepName],[SortIndex],[ItemId]) values (314,N'银行对公户信息变更',314,12)
INSERT INTO [T_Prog_BizSteps] ([StepId],[StepName],[SortIndex],[ItemId]) values (315,N'三方协议扣款重签',315,12)
INSERT INTO [T_Prog_BizSteps] ([StepId],[StepName],[SortIndex],[ItemId]) values (316,N'发票验旧及税盘重发行',316,12)
INSERT INTO [T_Prog_BizSteps] ([StepId],[StepName],[SortIndex],[ItemId]) values (317,N'代垫费用',317,12)
INSERT INTO [T_Prog_BizSteps] ([StepId],[StepName],[SortIndex],[ItemId]) values (318,N'费用对账',318,12)
INSERT INTO [T_Prog_BizSteps] ([StepId],[StepName],[SortIndex],[ItemId]) values (319,N'费用收取',319,12)
INSERT INTO [T_Prog_BizSteps] ([StepId],[StepName],[SortIndex],[ItemId]) values (320,N'资料归档',320,12)
INSERT INTO [T_Prog_BizSteps] ([StepId],[StepName],[SortIndex],[ItemId]) values (321,N'资料归还',321,12)
INSERT INTO [T_Prog_BizSteps] ([StepId],[StepName],[SortIndex],[ItemId]) values (322,N'客户回访',322,12)
INSERT INTO [T_Prog_BizSteps] ([StepId],[StepName],[SortIndex],[ItemId]) values (323,N'工商年报',323,12)
INSERT INTO [T_Prog_BizSteps] ([StepId],[StepName],[SortIndex],[ItemId]) values (324,N'沟通记录',324,12)
INSERT INTO [T_Prog_BizSteps] ([StepId],[StepName],[SortIndex],[ItemId]) values (325,N'签订合同（口头协议）',325,13)
INSERT INTO [T_Prog_BizSteps] ([StepId],[StepName],[SortIndex],[ItemId]) values (326,N'任务分派',326,13)
INSERT INTO [T_Prog_BizSteps] ([StepId],[StepName],[SortIndex],[ItemId]) values (327,N'资料收取',327,13)
INSERT INTO [T_Prog_BizSteps] ([StepId],[StepName],[SortIndex],[ItemId]) values (328,N'核名',328,13)
INSERT INTO [T_Prog_BizSteps] ([StepId],[StepName],[SortIndex],[ItemId]) values (329,N'工商移出异常',329,13)
INSERT INTO [T_Prog_BizSteps] ([StepId],[StepName],[SortIndex],[ItemId]) values (330,N'工商档案迁移',330,13)
INSERT INTO [T_Prog_BizSteps] ([StepId],[StepName],[SortIndex],[ItemId]) values (331,N'提交设立',331,13)
INSERT INTO [T_Prog_BizSteps] ([StepId],[StepName],[SortIndex],[ItemId]) values (332,N'领取营业执照',332,13)
INSERT INTO [T_Prog_BizSteps] ([StepId],[StepName],[SortIndex],[ItemId]) values (333,N'印章刻制',333,13)
INSERT INTO [T_Prog_BizSteps] ([StepId],[StepName],[SortIndex],[ItemId]) values (334,N'领取印章',334,13)
INSERT INTO [T_Prog_BizSteps] ([StepId],[StepName],[SortIndex],[ItemId]) values (335,N'工商查档',335,13)
INSERT INTO [T_Prog_BizSteps] ([StepId],[StepName],[SortIndex],[ItemId]) values (336,N'税局信息采集',336,13)
INSERT INTO [T_Prog_BizSteps] ([StepId],[StepName],[SortIndex],[ItemId]) values (337,N'国税异常处理',337,13)
INSERT INTO [T_Prog_BizSteps] ([StepId],[StepName],[SortIndex],[ItemId]) values (338,N'地税异常处理',338,13)
INSERT INTO [T_Prog_BizSteps] ([StepId],[StepName],[SortIndex],[ItemId]) values (339,N'国税备案',339,13)
INSERT INTO [T_Prog_BizSteps] ([StepId],[StepName],[SortIndex],[ItemId]) values (340,N'地税备案',340,13)
INSERT INTO [T_Prog_BizSteps] ([StepId],[StepName],[SortIndex],[ItemId]) values (341,N'银行对公户信息变更',341,13)
INSERT INTO [T_Prog_BizSteps] ([StepId],[StepName],[SortIndex],[ItemId]) values (342,N'三方协议扣款重签',342,13)
INSERT INTO [T_Prog_BizSteps] ([StepId],[StepName],[SortIndex],[ItemId]) values (343,N'发票验旧及税盘重发行',343,13)
INSERT INTO [T_Prog_BizSteps] ([StepId],[StepName],[SortIndex],[ItemId]) values (344,N'代垫费用',344,13)
INSERT INTO [T_Prog_BizSteps] ([StepId],[StepName],[SortIndex],[ItemId]) values (345,N'费用对账',345,13)
INSERT INTO [T_Prog_BizSteps] ([StepId],[StepName],[SortIndex],[ItemId]) values (346,N'费用收取',346,13)
INSERT INTO [T_Prog_BizSteps] ([StepId],[StepName],[SortIndex],[ItemId]) values (347,N'资料归档',347,13)
INSERT INTO [T_Prog_BizSteps] ([StepId],[StepName],[SortIndex],[ItemId]) values (348,N'资料归还',348,13)
INSERT INTO [T_Prog_BizSteps] ([StepId],[StepName],[SortIndex],[ItemId]) values (349,N'客户回访',349,13)
INSERT INTO [T_Prog_BizSteps] ([StepId],[StepName],[SortIndex],[ItemId]) values (350,N'工商年报',350,13)
INSERT INTO [T_Prog_BizSteps] ([StepId],[StepName],[SortIndex],[ItemId]) values (351,N'沟通记录',351,13)
INSERT INTO [T_Prog_BizSteps] ([StepId],[StepName],[SortIndex],[ItemId]) values (352,N'签订合同（口头协议）',352,14)
INSERT INTO [T_Prog_BizSteps] ([StepId],[StepName],[SortIndex],[ItemId]) values (353,N'任务分派',353,14)
INSERT INTO [T_Prog_BizSteps] ([StepId],[StepName],[SortIndex],[ItemId]) values (354,N'资料收取',354,14)
INSERT INTO [T_Prog_BizSteps] ([StepId],[StepName],[SortIndex],[ItemId]) values (355,N'核名',355,14)
INSERT INTO [T_Prog_BizSteps] ([StepId],[StepName],[SortIndex],[ItemId]) values (356,N'工商移出异常',356,14)
INSERT INTO [T_Prog_BizSteps] ([StepId],[StepName],[SortIndex],[ItemId]) values (357,N'工商档案迁移',357,14)
INSERT INTO [T_Prog_BizSteps] ([StepId],[StepName],[SortIndex],[ItemId]) values (358,N'提交设立',358,14)
INSERT INTO [T_Prog_BizSteps] ([StepId],[StepName],[SortIndex],[ItemId]) values (359,N'领取营业执照',359,14)
INSERT INTO [T_Prog_BizSteps] ([StepId],[StepName],[SortIndex],[ItemId]) values (360,N'印章刻制',360,14)
INSERT INTO [T_Prog_BizSteps] ([StepId],[StepName],[SortIndex],[ItemId]) values (361,N'领取印章',361,14)
INSERT INTO [T_Prog_BizSteps] ([StepId],[StepName],[SortIndex],[ItemId]) values (362,N'工商查档',362,14)
INSERT INTO [T_Prog_BizSteps] ([StepId],[StepName],[SortIndex],[ItemId]) values (363,N'税局信息采集',363,14)
INSERT INTO [T_Prog_BizSteps] ([StepId],[StepName],[SortIndex],[ItemId]) values (364,N'国税异常处理',364,14)
INSERT INTO [T_Prog_BizSteps] ([StepId],[StepName],[SortIndex],[ItemId]) values (365,N'地税异常处理',365,14)
INSERT INTO [T_Prog_BizSteps] ([StepId],[StepName],[SortIndex],[ItemId]) values (366,N'国税备案',366,14)
INSERT INTO [T_Prog_BizSteps] ([StepId],[StepName],[SortIndex],[ItemId]) values (367,N'地税备案',367,14)
INSERT INTO [T_Prog_BizSteps] ([StepId],[StepName],[SortIndex],[ItemId]) values (368,N'银行对公户信息变更',368,14)
INSERT INTO [T_Prog_BizSteps] ([StepId],[StepName],[SortIndex],[ItemId]) values (369,N'三方协议扣款重签',369,14)
INSERT INTO [T_Prog_BizSteps] ([StepId],[StepName],[SortIndex],[ItemId]) values (370,N'发票验旧及税盘重发行',370,14)
INSERT INTO [T_Prog_BizSteps] ([StepId],[StepName],[SortIndex],[ItemId]) values (371,N'代垫费用',371,14)
INSERT INTO [T_Prog_BizSteps] ([StepId],[StepName],[SortIndex],[ItemId]) values (372,N'费用对账',372,14)
INSERT INTO [T_Prog_BizSteps] ([StepId],[StepName],[SortIndex],[ItemId]) values (373,N'费用收取',373,14)
INSERT INTO [T_Prog_BizSteps] ([StepId],[StepName],[SortIndex],[ItemId]) values (374,N'资料归档',374,14)
INSERT INTO [T_Prog_BizSteps] ([StepId],[StepName],[SortIndex],[ItemId]) values (375,N'资料归还',375,14)
INSERT INTO [T_Prog_BizSteps] ([StepId],[StepName],[SortIndex],[ItemId]) values (376,N'客户回访',376,14)
INSERT INTO [T_Prog_BizSteps] ([StepId],[StepName],[SortIndex],[ItemId]) values (377,N'工商年报',377,14)
INSERT INTO [T_Prog_BizSteps] ([StepId],[StepName],[SortIndex],[ItemId]) values (378,N'沟通记录',378,14)
INSERT INTO [T_Prog_BizSteps] ([StepId],[StepName],[SortIndex],[ItemId]) values (379,N'签订合同（口头协议）',379,15)
INSERT INTO [T_Prog_BizSteps] ([StepId],[StepName],[SortIndex],[ItemId]) values (380,N'任务分派',380,15)
INSERT INTO [T_Prog_BizSteps] ([StepId],[StepName],[SortIndex],[ItemId]) values (381,N'资料收取',381,15)
INSERT INTO [T_Prog_BizSteps] ([StepId],[StepName],[SortIndex],[ItemId]) values (382,N'核名',382,15)
INSERT INTO [T_Prog_BizSteps] ([StepId],[StepName],[SortIndex],[ItemId]) values (383,N'工商移出异常',383,15)
INSERT INTO [T_Prog_BizSteps] ([StepId],[StepName],[SortIndex],[ItemId]) values (384,N'工商档案迁移',384,15)
INSERT INTO [T_Prog_BizSteps] ([StepId],[StepName],[SortIndex],[ItemId]) values (385,N'提交设立',385,15)
INSERT INTO [T_Prog_BizSteps] ([StepId],[StepName],[SortIndex],[ItemId]) values (386,N'领取营业执照',386,15)
INSERT INTO [T_Prog_BizSteps] ([StepId],[StepName],[SortIndex],[ItemId]) values (387,N'印章刻制',387,15)
INSERT INTO [T_Prog_BizSteps] ([StepId],[StepName],[SortIndex],[ItemId]) values (388,N'领取印章',388,15)
INSERT INTO [T_Prog_BizSteps] ([StepId],[StepName],[SortIndex],[ItemId]) values (389,N'工商查档',389,15)
INSERT INTO [T_Prog_BizSteps] ([StepId],[StepName],[SortIndex],[ItemId]) values (390,N'税局信息采集',390,15)
INSERT INTO [T_Prog_BizSteps] ([StepId],[StepName],[SortIndex],[ItemId]) values (391,N'国税异常处理',391,15)
INSERT INTO [T_Prog_BizSteps] ([StepId],[StepName],[SortIndex],[ItemId]) values (392,N'地税异常处理',392,15)
INSERT INTO [T_Prog_BizSteps] ([StepId],[StepName],[SortIndex],[ItemId]) values (393,N'国税备案',393,15)
INSERT INTO [T_Prog_BizSteps] ([StepId],[StepName],[SortIndex],[ItemId]) values (394,N'地税备案',394,15)
INSERT INTO [T_Prog_BizSteps] ([StepId],[StepName],[SortIndex],[ItemId]) values (395,N'银行对公户信息变更',395,15)
INSERT INTO [T_Prog_BizSteps] ([StepId],[StepName],[SortIndex],[ItemId]) values (396,N'三方协议扣款重签',396,15)
INSERT INTO [T_Prog_BizSteps] ([StepId],[StepName],[SortIndex],[ItemId]) values (397,N'发票验旧及税盘重发行',397,15)
INSERT INTO [T_Prog_BizSteps] ([StepId],[StepName],[SortIndex],[ItemId]) values (398,N'代垫费用',398,15)
INSERT INTO [T_Prog_BizSteps] ([StepId],[StepName],[SortIndex],[ItemId]) values (399,N'费用对账',399,15)
INSERT INTO [T_Prog_BizSteps] ([StepId],[StepName],[SortIndex],[ItemId]) values (400,N'费用收取',400,15)
INSERT INTO [T_Prog_BizSteps] ([StepId],[StepName],[SortIndex],[ItemId]) values (401,N'资料归档',401,15)
INSERT INTO [T_Prog_BizSteps] ([StepId],[StepName],[SortIndex],[ItemId]) values (402,N'资料归还',402,15)
INSERT INTO [T_Prog_BizSteps] ([StepId],[StepName],[SortIndex],[ItemId]) values (403,N'客户回访',403,15)
INSERT INTO [T_Prog_BizSteps] ([StepId],[StepName],[SortIndex],[ItemId]) values (404,N'工商年报',404,15)
INSERT INTO [T_Prog_BizSteps] ([StepId],[StepName],[SortIndex],[ItemId]) values (405,N'沟通记录',405,15)
INSERT INTO [T_Prog_BizSteps] ([StepId],[StepName],[SortIndex],[ItemId]) values (406,N'签订合同（口头协议）',406,16)
INSERT INTO [T_Prog_BizSteps] ([StepId],[StepName],[SortIndex],[ItemId]) values (407,N'任务分派',407,16)
INSERT INTO [T_Prog_BizSteps] ([StepId],[StepName],[SortIndex],[ItemId]) values (408,N'资料收取',408,16)
INSERT INTO [T_Prog_BizSteps] ([StepId],[StepName],[SortIndex],[ItemId]) values (409,N'核名',409,16)
INSERT INTO [T_Prog_BizSteps] ([StepId],[StepName],[SortIndex],[ItemId]) values (410,N'工商移出异常',410,16)
INSERT INTO [T_Prog_BizSteps] ([StepId],[StepName],[SortIndex],[ItemId]) values (411,N'工商档案迁移',411,16)
INSERT INTO [T_Prog_BizSteps] ([StepId],[StepName],[SortIndex],[ItemId]) values (412,N'提交设立',412,16)
INSERT INTO [T_Prog_BizSteps] ([StepId],[StepName],[SortIndex],[ItemId]) values (413,N'领取营业执照',413,16)
INSERT INTO [T_Prog_BizSteps] ([StepId],[StepName],[SortIndex],[ItemId]) values (414,N'印章刻制',414,16)
INSERT INTO [T_Prog_BizSteps] ([StepId],[StepName],[SortIndex],[ItemId]) values (415,N'领取印章',415,16)
INSERT INTO [T_Prog_BizSteps] ([StepId],[StepName],[SortIndex],[ItemId]) values (416,N'工商查档',416,16)
INSERT INTO [T_Prog_BizSteps] ([StepId],[StepName],[SortIndex],[ItemId]) values (417,N'税局信息采集',417,16)
INSERT INTO [T_Prog_BizSteps] ([StepId],[StepName],[SortIndex],[ItemId]) values (418,N'国税异常处理',418,16)
INSERT INTO [T_Prog_BizSteps] ([StepId],[StepName],[SortIndex],[ItemId]) values (419,N'地税异常处理',419,16)
INSERT INTO [T_Prog_BizSteps] ([StepId],[StepName],[SortIndex],[ItemId]) values (420,N'国税备案',420,16)
INSERT INTO [T_Prog_BizSteps] ([StepId],[StepName],[SortIndex],[ItemId]) values (421,N'地税备案',421,16)
INSERT INTO [T_Prog_BizSteps] ([StepId],[StepName],[SortIndex],[ItemId]) values (422,N'银行对公户信息变更',422,16)
INSERT INTO [T_Prog_BizSteps] ([StepId],[StepName],[SortIndex],[ItemId]) values (423,N'三方协议扣款重签',423,16)
INSERT INTO [T_Prog_BizSteps] ([StepId],[StepName],[SortIndex],[ItemId]) values (424,N'发票验旧及税盘重发行',424,16)
INSERT INTO [T_Prog_BizSteps] ([StepId],[StepName],[SortIndex],[ItemId]) values (425,N'代垫费用',425,16)
INSERT INTO [T_Prog_BizSteps] ([StepId],[StepName],[SortIndex],[ItemId]) values (426,N'费用对账',426,16)
INSERT INTO [T_Prog_BizSteps] ([StepId],[StepName],[SortIndex],[ItemId]) values (427,N'费用收取',427,16)
INSERT INTO [T_Prog_BizSteps] ([StepId],[StepName],[SortIndex],[ItemId]) values (428,N'资料归档',428,16)
INSERT INTO [T_Prog_BizSteps] ([StepId],[StepName],[SortIndex],[ItemId]) values (429,N'资料归还',429,16)
INSERT INTO [T_Prog_BizSteps] ([StepId],[StepName],[SortIndex],[ItemId]) values (430,N'客户回访',430,16)
INSERT INTO [T_Prog_BizSteps] ([StepId],[StepName],[SortIndex],[ItemId]) values (431,N'工商年报',431,16)
INSERT INTO [T_Prog_BizSteps] ([StepId],[StepName],[SortIndex],[ItemId]) values (432,N'沟通记录',432,16)
INSERT INTO [T_Prog_BizSteps] ([StepId],[StepName],[SortIndex],[ItemId]) values (433,N'签订合同（口头协议）',433,17)
INSERT INTO [T_Prog_BizSteps] ([StepId],[StepName],[SortIndex],[ItemId]) values (434,N'任务分派',434,17)
INSERT INTO [T_Prog_BizSteps] ([StepId],[StepName],[SortIndex],[ItemId]) values (435,N'资料收取',435,17)
INSERT INTO [T_Prog_BizSteps] ([StepId],[StepName],[SortIndex],[ItemId]) values (436,N'核名',436,17)
INSERT INTO [T_Prog_BizSteps] ([StepId],[StepName],[SortIndex],[ItemId]) values (437,N'工商移出异常',437,17)
INSERT INTO [T_Prog_BizSteps] ([StepId],[StepName],[SortIndex],[ItemId]) values (438,N'工商档案迁移',438,17)
INSERT INTO [T_Prog_BizSteps] ([StepId],[StepName],[SortIndex],[ItemId]) values (439,N'提交设立',439,17)
INSERT INTO [T_Prog_BizSteps] ([StepId],[StepName],[SortIndex],[ItemId]) values (440,N'领取营业执照',440,17)
INSERT INTO [T_Prog_BizSteps] ([StepId],[StepName],[SortIndex],[ItemId]) values (441,N'印章刻制',441,17)
INSERT INTO [T_Prog_BizSteps] ([StepId],[StepName],[SortIndex],[ItemId]) values (442,N'领取印章',442,17)
INSERT INTO [T_Prog_BizSteps] ([StepId],[StepName],[SortIndex],[ItemId]) values (443,N'工商查档',443,17)
INSERT INTO [T_Prog_BizSteps] ([StepId],[StepName],[SortIndex],[ItemId]) values (444,N'税局信息采集',444,17)
INSERT INTO [T_Prog_BizSteps] ([StepId],[StepName],[SortIndex],[ItemId]) values (445,N'国税异常处理',445,17)
INSERT INTO [T_Prog_BizSteps] ([StepId],[StepName],[SortIndex],[ItemId]) values (446,N'地税异常处理',446,17)
INSERT INTO [T_Prog_BizSteps] ([StepId],[StepName],[SortIndex],[ItemId]) values (447,N'国税备案',447,17)
INSERT INTO [T_Prog_BizSteps] ([StepId],[StepName],[SortIndex],[ItemId]) values (448,N'地税备案',448,17)
INSERT INTO [T_Prog_BizSteps] ([StepId],[StepName],[SortIndex],[ItemId]) values (449,N'银行对公户信息变更',449,17)
INSERT INTO [T_Prog_BizSteps] ([StepId],[StepName],[SortIndex],[ItemId]) values (450,N'三方协议扣款重签',450,17)
INSERT INTO [T_Prog_BizSteps] ([StepId],[StepName],[SortIndex],[ItemId]) values (451,N'发票验旧及税盘重发行',451,17)
INSERT INTO [T_Prog_BizSteps] ([StepId],[StepName],[SortIndex],[ItemId]) values (452,N'代垫费用',452,17)
INSERT INTO [T_Prog_BizSteps] ([StepId],[StepName],[SortIndex],[ItemId]) values (453,N'费用对账',453,17)
INSERT INTO [T_Prog_BizSteps] ([StepId],[StepName],[SortIndex],[ItemId]) values (454,N'费用收取',454,17)
INSERT INTO [T_Prog_BizSteps] ([StepId],[StepName],[SortIndex],[ItemId]) values (455,N'资料归档',455,17)
INSERT INTO [T_Prog_BizSteps] ([StepId],[StepName],[SortIndex],[ItemId]) values (456,N'资料归还',456,17)
INSERT INTO [T_Prog_BizSteps] ([StepId],[StepName],[SortIndex],[ItemId]) values (457,N'客户回访',457,17)
INSERT INTO [T_Prog_BizSteps] ([StepId],[StepName],[SortIndex],[ItemId]) values (458,N'工商年报',458,17)
INSERT INTO [T_Prog_BizSteps] ([StepId],[StepName],[SortIndex],[ItemId]) values (459,N'沟通记录',459,17)
INSERT INTO [T_Prog_BizSteps] ([StepId],[StepName],[SortIndex],[ItemId]) values (460,N'签订合同（口头协议）',460,18)
INSERT INTO [T_Prog_BizSteps] ([StepId],[StepName],[SortIndex],[ItemId]) values (461,N'任务分派',461,18)
INSERT INTO [T_Prog_BizSteps] ([StepId],[StepName],[SortIndex],[ItemId]) values (462,N'资料收取',462,18)
INSERT INTO [T_Prog_BizSteps] ([StepId],[StepName],[SortIndex],[ItemId]) values (463,N'核名',463,18)
INSERT INTO [T_Prog_BizSteps] ([StepId],[StepName],[SortIndex],[ItemId]) values (464,N'工商移出异常',464,18)
INSERT INTO [T_Prog_BizSteps] ([StepId],[StepName],[SortIndex],[ItemId]) values (465,N'工商档案迁移',465,18)
INSERT INTO [T_Prog_BizSteps] ([StepId],[StepName],[SortIndex],[ItemId]) values (466,N'提交设立',466,18)
INSERT INTO [T_Prog_BizSteps] ([StepId],[StepName],[SortIndex],[ItemId]) values (467,N'领取营业执照',467,18)
INSERT INTO [T_Prog_BizSteps] ([StepId],[StepName],[SortIndex],[ItemId]) values (468,N'印章刻制',468,18)
INSERT INTO [T_Prog_BizSteps] ([StepId],[StepName],[SortIndex],[ItemId]) values (469,N'领取印章',469,18)
INSERT INTO [T_Prog_BizSteps] ([StepId],[StepName],[SortIndex],[ItemId]) values (470,N'工商查档',470,18)
INSERT INTO [T_Prog_BizSteps] ([StepId],[StepName],[SortIndex],[ItemId]) values (471,N'税局信息采集',471,18)
INSERT INTO [T_Prog_BizSteps] ([StepId],[StepName],[SortIndex],[ItemId]) values (472,N'国税异常处理',472,18)
INSERT INTO [T_Prog_BizSteps] ([StepId],[StepName],[SortIndex],[ItemId]) values (473,N'地税异常处理',473,18)
INSERT INTO [T_Prog_BizSteps] ([StepId],[StepName],[SortIndex],[ItemId]) values (474,N'国税备案',474,18)
INSERT INTO [T_Prog_BizSteps] ([StepId],[StepName],[SortIndex],[ItemId]) values (475,N'地税备案',475,18)
INSERT INTO [T_Prog_BizSteps] ([StepId],[StepName],[SortIndex],[ItemId]) values (476,N'银行对公户信息变更',476,18)
INSERT INTO [T_Prog_BizSteps] ([StepId],[StepName],[SortIndex],[ItemId]) values (477,N'三方协议扣款重签',477,18)
INSERT INTO [T_Prog_BizSteps] ([StepId],[StepName],[SortIndex],[ItemId]) values (478,N'发票验旧及税盘重发行',478,18)
INSERT INTO [T_Prog_BizSteps] ([StepId],[StepName],[SortIndex],[ItemId]) values (479,N'代垫费用',479,18)
INSERT INTO [T_Prog_BizSteps] ([StepId],[StepName],[SortIndex],[ItemId]) values (480,N'费用对账',480,18)
INSERT INTO [T_Prog_BizSteps] ([StepId],[StepName],[SortIndex],[ItemId]) values (481,N'费用收取',481,18)
INSERT INTO [T_Prog_BizSteps] ([StepId],[StepName],[SortIndex],[ItemId]) values (482,N'资料归档',482,18)
INSERT INTO [T_Prog_BizSteps] ([StepId],[StepName],[SortIndex],[ItemId]) values (483,N'资料归还',483,18)
INSERT INTO [T_Prog_BizSteps] ([StepId],[StepName],[SortIndex],[ItemId]) values (484,N'客户回访',484,18)
INSERT INTO [T_Prog_BizSteps] ([StepId],[StepName],[SortIndex],[ItemId]) values (485,N'工商年报',485,18)
INSERT INTO [T_Prog_BizSteps] ([StepId],[StepName],[SortIndex],[ItemId]) values (486,N'沟通记录',486,18)
INSERT INTO [T_Prog_BizSteps] ([StepId],[StepName],[SortIndex],[ItemId]) values (487,N'签订合同（口头协议）',487,19)
INSERT INTO [T_Prog_BizSteps] ([StepId],[StepName],[SortIndex],[ItemId]) values (488,N'任务分派',488,19)
INSERT INTO [T_Prog_BizSteps] ([StepId],[StepName],[SortIndex],[ItemId]) values (489,N'资料收取',489,19)
INSERT INTO [T_Prog_BizSteps] ([StepId],[StepName],[SortIndex],[ItemId]) values (490,N'核名',490,19)
INSERT INTO [T_Prog_BizSteps] ([StepId],[StepName],[SortIndex],[ItemId]) values (491,N'工商移出异常',491,19)
INSERT INTO [T_Prog_BizSteps] ([StepId],[StepName],[SortIndex],[ItemId]) values (492,N'工商档案迁移',492,19)
INSERT INTO [T_Prog_BizSteps] ([StepId],[StepName],[SortIndex],[ItemId]) values (493,N'提交设立',493,19)
INSERT INTO [T_Prog_BizSteps] ([StepId],[StepName],[SortIndex],[ItemId]) values (494,N'领取营业执照',494,19)
INSERT INTO [T_Prog_BizSteps] ([StepId],[StepName],[SortIndex],[ItemId]) values (495,N'印章刻制',495,19)
INSERT INTO [T_Prog_BizSteps] ([StepId],[StepName],[SortIndex],[ItemId]) values (496,N'领取印章',496,19)
INSERT INTO [T_Prog_BizSteps] ([StepId],[StepName],[SortIndex],[ItemId]) values (497,N'工商查档',497,19)
INSERT INTO [T_Prog_BizSteps] ([StepId],[StepName],[SortIndex],[ItemId]) values (498,N'税局信息采集',498,19)
INSERT INTO [T_Prog_BizSteps] ([StepId],[StepName],[SortIndex],[ItemId]) values (499,N'国税异常处理',499,19)
INSERT INTO [T_Prog_BizSteps] ([StepId],[StepName],[SortIndex],[ItemId]) values (500,N'地税异常处理',500,19)
INSERT INTO [T_Prog_BizSteps] ([StepId],[StepName],[SortIndex],[ItemId]) values (501,N'国税备案',501,19)
INSERT INTO [T_Prog_BizSteps] ([StepId],[StepName],[SortIndex],[ItemId]) values (502,N'地税备案',502,19)
INSERT INTO [T_Prog_BizSteps] ([StepId],[StepName],[SortIndex],[ItemId]) values (503,N'银行对公户信息变更',503,19)
INSERT INTO [T_Prog_BizSteps] ([StepId],[StepName],[SortIndex],[ItemId]) values (504,N'三方协议扣款重签',504,19)
INSERT INTO [T_Prog_BizSteps] ([StepId],[StepName],[SortIndex],[ItemId]) values (505,N'发票验旧及税盘重发行',505,19)
INSERT INTO [T_Prog_BizSteps] ([StepId],[StepName],[SortIndex],[ItemId]) values (506,N'代垫费用',506,19)
INSERT INTO [T_Prog_BizSteps] ([StepId],[StepName],[SortIndex],[ItemId]) values (507,N'费用对账',507,19)
INSERT INTO [T_Prog_BizSteps] ([StepId],[StepName],[SortIndex],[ItemId]) values (508,N'费用收取',508,19)
INSERT INTO [T_Prog_BizSteps] ([StepId],[StepName],[SortIndex],[ItemId]) values (509,N'资料归档',509,19)
INSERT INTO [T_Prog_BizSteps] ([StepId],[StepName],[SortIndex],[ItemId]) values (510,N'资料归还',510,19)
INSERT INTO [T_Prog_BizSteps] ([StepId],[StepName],[SortIndex],[ItemId]) values (511,N'客户回访',511,19)
INSERT INTO [T_Prog_BizSteps] ([StepId],[StepName],[SortIndex],[ItemId]) values (512,N'工商年报',512,19)
INSERT INTO [T_Prog_BizSteps] ([StepId],[StepName],[SortIndex],[ItemId]) values (513,N'沟通记录',513,19)
SET IDENTITY_INSERT [T_Prog_BizSteps] OFF



/*初始化角色*/
insert into [Sintoacct.Ledger].dbo.AspNetRoles values('EB4F86F5-B307-466D-B7DD-B3400F1E7FEA','business')
insert into [Sintoacct.Ledger].dbo.AspNetRoles values('0284200F-F702-41D2-8E86-FB94B091271A','progress-record')