

SET IDENTITY_INSERT [T_Prog_BizCategory] ON
INSERT INTO [T_Prog_BizCategory] ([CateId],[CategoryName],[SortIndex]) values (1,N'工商业务',1)
INSERT INTO [T_Prog_BizCategory] ([CateId],[CategoryName],[SortIndex]) values (2,N'代理记账',2)
INSERT INTO [T_Prog_BizCategory] ([CateId],[CategoryName],[SortIndex]) values (3,N'资质代办',3)
INSERT INTO [T_Prog_BizCategory] ([CateId],[CategoryName],[SortIndex]) values (4,N'咨询顾问',4)
INSERT INTO [T_Prog_BizCategory] ([CateId],[CategoryName],[SortIndex]) values (5,N'其他业务',5)
SET IDENTITY_INSERT [T_Prog_BizCategory] OFF


SET IDENTITY_INSERT [T_Prog_BizItems] ON
INSERT INTO [T_Prog_BizItems] ([ItemId],[ItemName],[SortIndex],[CateId]) values (1,N'有限责任公司注册',1,1)
INSERT INTO [T_Prog_BizItems] ([ItemId],[ItemName],[SortIndex],[CateId]) values (2,N'分公司注册',2,1)
INSERT INTO [T_Prog_BizItems] ([ItemId],[ItemName],[SortIndex],[CateId]) values (3,N'个体户注册',3,1)
INSERT INTO [T_Prog_BizItems] ([ItemId],[ItemName],[SortIndex],[CateId]) values (4,N'股份公司注册',4,1)
INSERT INTO [T_Prog_BizItems] ([ItemId],[ItemName],[SortIndex],[CateId]) values (5,N'公司注销',5,1)
INSERT INTO [T_Prog_BizItems] ([ItemId],[ItemName],[SortIndex],[CateId]) values (6,N'个体户注销',6,1)
INSERT INTO [T_Prog_BizItems] ([ItemId],[ItemName],[SortIndex],[CateId]) values (7,N'公司改名',7,1)
INSERT INTO [T_Prog_BizItems] ([ItemId],[ItemName],[SortIndex],[CateId]) values (8,N'增加或减少注册资本',8,1)
INSERT INTO [T_Prog_BizItems] ([ItemId],[ItemName],[SortIndex],[CateId]) values (9,N'股东变更',9,1)
INSERT INTO [T_Prog_BizItems] ([ItemId],[ItemName],[SortIndex],[CateId]) values (10,N'经营地址变更（同城区）',10,1)
INSERT INTO [T_Prog_BizItems] ([ItemId],[ItemName],[SortIndex],[CateId]) values (11,N'经营地址变更（跨城区）',11,1)
INSERT INTO [T_Prog_BizItems] ([ItemId],[ItemName],[SortIndex],[CateId]) values (12,N'法定代表人变更',12,1)
INSERT INTO [T_Prog_BizItems] ([ItemId],[ItemName],[SortIndex],[CateId]) values (13,N'董事或监事变更',13,1)
INSERT INTO [T_Prog_BizItems] ([ItemId],[ItemName],[SortIndex],[CateId]) values (14,N'企业信息公示（工商年报）',14,1)
INSERT INTO [T_Prog_BizItems] ([ItemId],[ItemName],[SortIndex],[CateId]) values (15,N'公司三证合一（五证合一）',15,1)
INSERT INTO [T_Prog_BizItems] ([ItemId],[ItemName],[SortIndex],[CateId]) values (16,N'个体户两证合一',16,1)
INSERT INTO [T_Prog_BizItems] ([ItemId],[ItemName],[SortIndex],[CateId]) values (17,N'工商异常移出',17,1)
INSERT INTO [T_Prog_BizItems] ([ItemId],[ItemName],[SortIndex],[CateId]) values (18,N'工商查档',18,1)
INSERT INTO [T_Prog_BizItems] ([ItemId],[ItemName],[SortIndex],[CateId]) values (19,N'其他业务',99,1)
INSERT INTO [T_Prog_BizItems] ([ItemId],[ItemName],[SortIndex],[CateId]) values (20,N'个体户代理记账',1,2)
INSERT INTO [T_Prog_BizItems] ([ItemId],[ItemName],[SortIndex],[CateId]) values (21,N'小规模纳税人代理记账',2,2)
INSERT INTO [T_Prog_BizItems] ([ItemId],[ItemName],[SortIndex],[CateId]) values (22,N'一般纳税人代理记账',3,2)
INSERT INTO [T_Prog_BizItems] ([ItemId],[ItemName],[SortIndex],[CateId]) values (23,N'账簿、凭证等耗材费',4,2)
INSERT INTO [T_Prog_BizItems] ([ItemId],[ItemName],[SortIndex],[CateId]) values (24,N'申请或领购发票',5,2)
INSERT INTO [T_Prog_BizItems] ([ItemId],[ItemName],[SortIndex],[CateId]) values (25,N'发票增量',6,2)
INSERT INTO [T_Prog_BizItems] ([ItemId],[ItemName],[SortIndex],[CateId]) values (26,N'发票升位',7,2)
INSERT INTO [T_Prog_BizItems] ([ItemId],[ItemName],[SortIndex],[CateId]) values (27,N'银行对账单、回执单打印',8,2)
INSERT INTO [T_Prog_BizItems] ([ItemId],[ItemName],[SortIndex],[CateId]) values (28,N'一般纳税人认定（新设立公司）',9,2)
INSERT INTO [T_Prog_BizItems] ([ItemId],[ItemName],[SortIndex],[CateId]) values (29,N'一般纳税人认定（存续公司）',10,2)
INSERT INTO [T_Prog_BizItems] ([ItemId],[ItemName],[SortIndex],[CateId]) values (30,N'税务机关代开发票',11,2)
INSERT INTO [T_Prog_BizItems] ([ItemId],[ItemName],[SortIndex],[CateId]) values (31,N'税控盘购买及发行',12,2)
INSERT INTO [T_Prog_BizItems] ([ItemId],[ItemName],[SortIndex],[CateId]) values (32,N'代理发票开具',13,2)
INSERT INTO [T_Prog_BizItems] ([ItemId],[ItemName],[SortIndex],[CateId]) values (33,N'清理乱账、调整乱账',14,2)
INSERT INTO [T_Prog_BizItems] ([ItemId],[ItemName],[SortIndex],[CateId]) values (34,N'内部账务核算',15,2)
INSERT INTO [T_Prog_BizItems] ([ItemId],[ItemName],[SortIndex],[CateId]) values (35,N'办理银行基本账户或一般户开立',16,2)
INSERT INTO [T_Prog_BizItems] ([ItemId],[ItemName],[SortIndex],[CateId]) values (36,N'办理银行基本账户或一般户撤销',17,2)
INSERT INTO [T_Prog_BizItems] ([ItemId],[ItemName],[SortIndex],[CateId]) values (37,N'银行开户信息变更',18,2)
INSERT INTO [T_Prog_BizItems] ([ItemId],[ItemName],[SortIndex],[CateId]) values (38,N'办理国地税三方协议扣款',19,2)
INSERT INTO [T_Prog_BizItems] ([ItemId],[ItemName],[SortIndex],[CateId]) values (39,N'增值税进项发票认证',20,2)
INSERT INTO [T_Prog_BizItems] ([ItemId],[ItemName],[SortIndex],[CateId]) values (40,N'税控开票系统安装及使用培训',21,2)
INSERT INTO [T_Prog_BizItems] ([ItemId],[ItemName],[SortIndex],[CateId]) values (41,N'税控盘现场清卡或解锁',22,2)
INSERT INTO [T_Prog_BizItems] ([ItemId],[ItemName],[SortIndex],[CateId]) values (42,N'企业所得税汇算清缴',23,2)
INSERT INTO [T_Prog_BizItems] ([ItemId],[ItemName],[SortIndex],[CateId]) values (43,N'往期未按期申报纳税处理',24,2)
INSERT INTO [T_Prog_BizItems] ([ItemId],[ItemName],[SortIndex],[CateId]) values (44,N'残疾人就业保障金核定及缴纳',25,2)
INSERT INTO [T_Prog_BizItems] ([ItemId],[ItemName],[SortIndex],[CateId]) values (45,N'业务承接前账务处理',26,2)
INSERT INTO [T_Prog_BizItems] ([ItemId],[ItemName],[SortIndex],[CateId]) values (46,N'食品经营许可证',1,3)
INSERT INTO [T_Prog_BizItems] ([ItemId],[ItemName],[SortIndex],[CateId]) values (47,N'公共场所卫生许可证',2,3)
INSERT INTO [T_Prog_BizItems] ([ItemId],[ItemName],[SortIndex],[CateId]) values (48,N'网络文化经营许可证',3,3)
INSERT INTO [T_Prog_BizItems] ([ItemId],[ItemName],[SortIndex],[CateId]) values (49,N'烟草专卖零售许可证',4,3)
INSERT INTO [T_Prog_BizItems] ([ItemId],[ItemName],[SortIndex],[CateId]) values (50,N'医疗器械经营备案（二类）',5,3)
INSERT INTO [T_Prog_BizItems] ([ItemId],[ItemName],[SortIndex],[CateId]) values (51,N'医疗器械经营许可证（三类）',6,3)
INSERT INTO [T_Prog_BizItems] ([ItemId],[ItemName],[SortIndex],[CateId]) values (52,N'道路运输许可证',7,3)
INSERT INTO [T_Prog_BizItems] ([ItemId],[ItemName],[SortIndex],[CateId]) values (53,N'劳务派遣资质',8,3)
INSERT INTO [T_Prog_BizItems] ([ItemId],[ItemName],[SortIndex],[CateId]) values (54,N'施工总承包等建筑类资质',9,3)
INSERT INTO [T_Prog_BizItems] ([ItemId],[ItemName],[SortIndex],[CateId]) values (55,N'企业管理顾问',1,4)
INSERT INTO [T_Prog_BizItems] ([ItemId],[ItemName],[SortIndex],[CateId]) values (56,N'融资咨询',2,4)
INSERT INTO [T_Prog_BizItems] ([ItemId],[ItemName],[SortIndex],[CateId]) values (57,N'税务咨询',3,4)
INSERT INTO [T_Prog_BizItems] ([ItemId],[ItemName],[SortIndex],[CateId]) values (58,N'审计咨询',4,4)
INSERT INTO [T_Prog_BizItems] ([ItemId],[ItemName],[SortIndex],[CateId]) values (59,N'评估咨询',5,4)
INSERT INTO [T_Prog_BizItems] ([ItemId],[ItemName],[SortIndex],[CateId]) values (60,N'税收筹划',6,4)
INSERT INTO [T_Prog_BizItems] ([ItemId],[ItemName],[SortIndex],[CateId]) values (61,N'企业培训（企业内训）',7,4)
INSERT INTO [T_Prog_BizItems] ([ItemId],[ItemName],[SortIndex],[CateId]) values (62,N'企业培训（新拓组织的集中培训）',8,4)
INSERT INTO [T_Prog_BizItems] ([ItemId],[ItemName],[SortIndex],[CateId]) values (63,N'企业内部控制设计',9,4)
INSERT INTO [T_Prog_BizItems] ([ItemId],[ItemName],[SortIndex],[CateId]) values (64,N'会计信息化咨询与实施',10,4)
INSERT INTO [T_Prog_BizItems] ([ItemId],[ItemName],[SortIndex],[CateId]) values (65,N'财务管理体系构建',11,4)
INSERT INTO [T_Prog_BizItems] ([ItemId],[ItemName],[SortIndex],[CateId]) values (66,N'企业诊断',12,4)
INSERT INTO [T_Prog_BizItems] ([ItemId],[ItemName],[SortIndex],[CateId]) values (67,N'企业战略规划咨询',13,4)
INSERT INTO [T_Prog_BizItems] ([ItemId],[ItemName],[SortIndex],[CateId]) values (68,N'企业并购重组顾问',14,4)
INSERT INTO [T_Prog_BizItems] ([ItemId],[ItemName],[SortIndex],[CateId]) values (69,N'企业尽职调查',15,4)
INSERT INTO [T_Prog_BizItems] ([ItemId],[ItemName],[SortIndex],[CateId]) values (70,N'其他业务',99,5)
SET IDENTITY_INSERT [T_Prog_BizItems] OFF


SET IDENTITY_INSERT [T_Prog_BizSteps] ON
INSERT INTO [T_Prog_BizSteps] ([StepId],[StepName],[SortIndex],[CateId]) values (1,N'签订合同（口头协议）',1,1)
INSERT INTO [T_Prog_BizSteps] ([StepId],[StepName],[SortIndex],[CateId]) values (2,N'任务分派',1,1)
INSERT INTO [T_Prog_BizSteps] ([StepId],[StepName],[SortIndex],[CateId]) values (3,N'资料收取',1,1)
INSERT INTO [T_Prog_BizSteps] ([StepId],[StepName],[SortIndex],[CateId]) values (4,N'核名',1,1)
INSERT INTO [T_Prog_BizSteps] ([StepId],[StepName],[SortIndex],[CateId]) values (5,N'工商移出异常',1,1)
INSERT INTO [T_Prog_BizSteps] ([StepId],[StepName],[SortIndex],[CateId]) values (6,N'工商档案迁移',1,1)
INSERT INTO [T_Prog_BizSteps] ([StepId],[StepName],[SortIndex],[CateId]) values (7,N'提交设立',1,1)
INSERT INTO [T_Prog_BizSteps] ([StepId],[StepName],[SortIndex],[CateId]) values (8,N'领取营业执照',1,1)
INSERT INTO [T_Prog_BizSteps] ([StepId],[StepName],[SortIndex],[CateId]) values (9,N'印章刻制',1,1)
INSERT INTO [T_Prog_BizSteps] ([StepId],[StepName],[SortIndex],[CateId]) values (10,N'领取印章',1,1)
INSERT INTO [T_Prog_BizSteps] ([StepId],[StepName],[SortIndex],[CateId]) values (11,N'工商查档',1,1)
INSERT INTO [T_Prog_BizSteps] ([StepId],[StepName],[SortIndex],[CateId]) values (12,N'税局信息采集',1,1)
INSERT INTO [T_Prog_BizSteps] ([StepId],[StepName],[SortIndex],[CateId]) values (13,N'国税异常处理',1,1)
INSERT INTO [T_Prog_BizSteps] ([StepId],[StepName],[SortIndex],[CateId]) values (14,N'地税异常处理',1,1)
INSERT INTO [T_Prog_BizSteps] ([StepId],[StepName],[SortIndex],[CateId]) values (15,N'国税备案',1,1)
INSERT INTO [T_Prog_BizSteps] ([StepId],[StepName],[SortIndex],[CateId]) values (16,N'地税备案',1,1)
INSERT INTO [T_Prog_BizSteps] ([StepId],[StepName],[SortIndex],[CateId]) values (17,N'银行对公户信息变更',1,1)
INSERT INTO [T_Prog_BizSteps] ([StepId],[StepName],[SortIndex],[CateId]) values (18,N'三方协议扣款重签',1,1)
INSERT INTO [T_Prog_BizSteps] ([StepId],[StepName],[SortIndex],[CateId]) values (19,N'发票验旧及税盘重发行',1,1)
INSERT INTO [T_Prog_BizSteps] ([StepId],[StepName],[SortIndex],[CateId]) values (20,N'代垫费用',1,1)
INSERT INTO [T_Prog_BizSteps] ([StepId],[StepName],[SortIndex],[CateId]) values (21,N'费用对账',1,1)
INSERT INTO [T_Prog_BizSteps] ([StepId],[StepName],[SortIndex],[CateId]) values (22,N'费用收取',1,1)
INSERT INTO [T_Prog_BizSteps] ([StepId],[StepName],[SortIndex],[CateId]) values (23,N'资料归档',1,1)
INSERT INTO [T_Prog_BizSteps] ([StepId],[StepName],[SortIndex],[CateId]) values (24,N'资料归还',1,1)
INSERT INTO [T_Prog_BizSteps] ([StepId],[StepName],[SortIndex],[CateId]) values (25,N'客户回访',1,1)
INSERT INTO [T_Prog_BizSteps] ([StepId],[StepName],[SortIndex],[CateId]) values (26,N'工商年报',1,1)
INSERT INTO [T_Prog_BizSteps] ([StepId],[StepName],[SortIndex],[CateId]) values (27,N'沟通记录',1,1)
INSERT INTO [T_Prog_BizSteps] ([StepId],[StepName],[SortIndex],[CateId]) values (28,N'签订合同（口头协议）',1,2)
INSERT INTO [T_Prog_BizSteps] ([StepId],[StepName],[SortIndex],[CateId]) values (29,N'任务分派',1,2)
INSERT INTO [T_Prog_BizSteps] ([StepId],[StepName],[SortIndex],[CateId]) values (30,N'资料收取',1,2)
INSERT INTO [T_Prog_BizSteps] ([StepId],[StepName],[SortIndex],[CateId]) values (31,N'会计凭证提取',1,2)
INSERT INTO [T_Prog_BizSteps] ([StepId],[StepName],[SortIndex],[CateId]) values (32,N'原始凭证整理',1,2)
INSERT INTO [T_Prog_BizSteps] ([StepId],[StepName],[SortIndex],[CateId]) values (33,N'会计凭证录入',1,2)
INSERT INTO [T_Prog_BizSteps] ([StepId],[StepName],[SortIndex],[CateId]) values (34,N'账务处理',1,2)
INSERT INTO [T_Prog_BizSteps] ([StepId],[StepName],[SortIndex],[CateId]) values (35,N'报表编制',1,2)
INSERT INTO [T_Prog_BizSteps] ([StepId],[StepName],[SortIndex],[CateId]) values (36,N'凭证打印及装订',1,2)
INSERT INTO [T_Prog_BizSteps] ([StepId],[StepName],[SortIndex],[CateId]) values (37,N'账簿打印及装订',1,2)
INSERT INTO [T_Prog_BizSteps] ([StepId],[StepName],[SortIndex],[CateId]) values (38,N'报表打印及装订',1,2)
INSERT INTO [T_Prog_BizSteps] ([StepId],[StepName],[SortIndex],[CateId]) values (39,N'国税申报',1,2)
INSERT INTO [T_Prog_BizSteps] ([StepId],[StepName],[SortIndex],[CateId]) values (40,N'缴纳国税税款',1,2)
INSERT INTO [T_Prog_BizSteps] ([StepId],[StepName],[SortIndex],[CateId]) values (41,N'地税申报',1,2)
INSERT INTO [T_Prog_BizSteps] ([StepId],[StepName],[SortIndex],[CateId]) values (42,N'缴纳地税税款',1,2)
INSERT INTO [T_Prog_BizSteps] ([StepId],[StepName],[SortIndex],[CateId]) values (43,N'企业所得税汇算清缴',1,2)
INSERT INTO [T_Prog_BizSteps] ([StepId],[StepName],[SortIndex],[CateId]) values (44,N'国税纳税申报表打印及装订',1,2)
INSERT INTO [T_Prog_BizSteps] ([StepId],[StepName],[SortIndex],[CateId]) values (45,N'地税纳税申报表打印及装订',1,2)
INSERT INTO [T_Prog_BizSteps] ([StepId],[StepName],[SortIndex],[CateId]) values (46,N'账套备份',1,2)
INSERT INTO [T_Prog_BizSteps] ([StepId],[StepName],[SortIndex],[CateId]) values (47,N'报表、纳税申报表电子档存档',1,2)
INSERT INTO [T_Prog_BizSteps] ([StepId],[StepName],[SortIndex],[CateId]) values (48,N'代垫费用',1,2)
INSERT INTO [T_Prog_BizSteps] ([StepId],[StepName],[SortIndex],[CateId]) values (49,N'税控盘领购及发行',1,2)
INSERT INTO [T_Prog_BizSteps] ([StepId],[StepName],[SortIndex],[CateId]) values (50,N'发票申请',1,2)
INSERT INTO [T_Prog_BizSteps] ([StepId],[StepName],[SortIndex],[CateId]) values (51,N'发票增量申请提交',1,2)
INSERT INTO [T_Prog_BizSteps] ([StepId],[StepName],[SortIndex],[CateId]) values (52,N'发票增量申请审批进度查询',1,2)
INSERT INTO [T_Prog_BizSteps] ([StepId],[StepName],[SortIndex],[CateId]) values (53,N'发票增量审批结果',1,2)
INSERT INTO [T_Prog_BizSteps] ([StepId],[StepName],[SortIndex],[CateId]) values (54,N'发票升位申请提交',1,2)
INSERT INTO [T_Prog_BizSteps] ([StepId],[StepName],[SortIndex],[CateId]) values (55,N'发票升位申请审批进度查询',1,2)
INSERT INTO [T_Prog_BizSteps] ([StepId],[StepName],[SortIndex],[CateId]) values (56,N'发票升位审批结果',1,2)
INSERT INTO [T_Prog_BizSteps] ([StepId],[StepName],[SortIndex],[CateId]) values (57,N'对公户开立（撤销）资料提交',1,2)
INSERT INTO [T_Prog_BizSteps] ([StepId],[StepName],[SortIndex],[CateId]) values (58,N'对公户开立（撤销）人行审批',1,2)
INSERT INTO [T_Prog_BizSteps] ([StepId],[StepName],[SortIndex],[CateId]) values (59,N'对公户开户许可证领取（撤销）',1,2)
INSERT INTO [T_Prog_BizSteps] ([StepId],[StepName],[SortIndex],[CateId]) values (60,N'对公户网银开通',1,2)
INSERT INTO [T_Prog_BizSteps] ([StepId],[StepName],[SortIndex],[CateId]) values (61,N'国税打印三方协议扣款',1,2)
INSERT INTO [T_Prog_BizSteps] ([StepId],[StepName],[SortIndex],[CateId]) values (62,N'地市打印三方协议扣款',1,2)
INSERT INTO [T_Prog_BizSteps] ([StepId],[StepName],[SortIndex],[CateId]) values (63,N'银行签订三方协议扣款',1,2)
INSERT INTO [T_Prog_BizSteps] ([StepId],[StepName],[SortIndex],[CateId]) values (64,N'三方协议扣款交回国税',1,2)
INSERT INTO [T_Prog_BizSteps] ([StepId],[StepName],[SortIndex],[CateId]) values (65,N'三方协议扣款交回地税',1,2)
INSERT INTO [T_Prog_BizSteps] ([StepId],[StepName],[SortIndex],[CateId]) values (66,N'残疾人就业保障金核定及缴纳',1,2)
INSERT INTO [T_Prog_BizSteps] ([StepId],[StepName],[SortIndex],[CateId]) values (67,N'发票开具',1,2)
INSERT INTO [T_Prog_BizSteps] ([StepId],[StepName],[SortIndex],[CateId]) values (68,N'税控盘现场清卡或解锁',1,2)
INSERT INTO [T_Prog_BizSteps] ([StepId],[StepName],[SortIndex],[CateId]) values (69,N'一般纳税人认定资料提交',1,2)
INSERT INTO [T_Prog_BizSteps] ([StepId],[StepName],[SortIndex],[CateId]) values (70,N'费用对账',1,2)
INSERT INTO [T_Prog_BizSteps] ([StepId],[StepName],[SortIndex],[CateId]) values (71,N'费用收取',1,2)
INSERT INTO [T_Prog_BizSteps] ([StepId],[StepName],[SortIndex],[CateId]) values (72,N'沟通记录',1,2)
INSERT INTO [T_Prog_BizSteps] ([StepId],[StepName],[SortIndex],[CateId]) values (73,N'客服回访',1,2)
INSERT INTO [T_Prog_BizSteps] ([StepId],[StepName],[SortIndex],[CateId]) values (74,N'资料归还',1,2)
INSERT INTO [T_Prog_BizSteps] ([StepId],[StepName],[SortIndex],[CateId]) values (75,N'签订合同（口头协议）',1,3)
INSERT INTO [T_Prog_BizSteps] ([StepId],[StepName],[SortIndex],[CateId]) values (76,N'任务分派',1,3)
INSERT INTO [T_Prog_BizSteps] ([StepId],[StepName],[SortIndex],[CateId]) values (77,N'资料收取',1,3)
INSERT INTO [T_Prog_BizSteps] ([StepId],[StepName],[SortIndex],[CateId]) values (78,N'申请材料准备',1,3)
INSERT INTO [T_Prog_BizSteps] ([StepId],[StepName],[SortIndex],[CateId]) values (79,N'申请材料提交',1,3)
INSERT INTO [T_Prog_BizSteps] ([StepId],[StepName],[SortIndex],[CateId]) values (80,N'申请材料审批进度查询',1,3)
INSERT INTO [T_Prog_BizSteps] ([StepId],[StepName],[SortIndex],[CateId]) values (81,N'申请涉及费用缴纳',1,3)
INSERT INTO [T_Prog_BizSteps] ([StepId],[StepName],[SortIndex],[CateId]) values (82,N'整改要求',1,3)
INSERT INTO [T_Prog_BizSteps] ([StepId],[StepName],[SortIndex],[CateId]) values (83,N'整改材料提交',1,3)
INSERT INTO [T_Prog_BizSteps] ([StepId],[StepName],[SortIndex],[CateId]) values (84,N'领取证件',1,3)
INSERT INTO [T_Prog_BizSteps] ([StepId],[StepName],[SortIndex],[CateId]) values (85,N'费用对账',1,3)
INSERT INTO [T_Prog_BizSteps] ([StepId],[StepName],[SortIndex],[CateId]) values (86,N'沟通记录',1,3)
INSERT INTO [T_Prog_BizSteps] ([StepId],[StepName],[SortIndex],[CateId]) values (87,N'费用收取',1,3)
INSERT INTO [T_Prog_BizSteps] ([StepId],[StepName],[SortIndex],[CateId]) values (88,N'资料归还',1,3)
INSERT INTO [T_Prog_BizSteps] ([StepId],[StepName],[SortIndex],[CateId]) values (89,N'客户回访',1,3)
INSERT INTO [T_Prog_BizSteps] ([StepId],[StepName],[SortIndex],[CateId]) values (90,N'签订合同（口头协议）',1,4)
INSERT INTO [T_Prog_BizSteps] ([StepId],[StepName],[SortIndex],[CateId]) values (91,N'任务分派',1,4)
INSERT INTO [T_Prog_BizSteps] ([StepId],[StepName],[SortIndex],[CateId]) values (92,N'资料收取',1,4)
INSERT INTO [T_Prog_BizSteps] ([StepId],[StepName],[SortIndex],[CateId]) values (93,N'沟通记录',1,4)
INSERT INTO [T_Prog_BizSteps] ([StepId],[StepName],[SortIndex],[CateId]) values (94,N'结果提交',1,4)
INSERT INTO [T_Prog_BizSteps] ([StepId],[StepName],[SortIndex],[CateId]) values (95,N'结果反馈及修订',1,4)
INSERT INTO [T_Prog_BizSteps] ([StepId],[StepName],[SortIndex],[CateId]) values (96,N'最终版报告提交',1,4)
INSERT INTO [T_Prog_BizSteps] ([StepId],[StepName],[SortIndex],[CateId]) values (97,N'费用对账',1,4)
INSERT INTO [T_Prog_BizSteps] ([StepId],[StepName],[SortIndex],[CateId]) values (98,N'费用收取',1,4)
INSERT INTO [T_Prog_BizSteps] ([StepId],[StepName],[SortIndex],[CateId]) values (99,N'资料归还',1,4)
INSERT INTO [T_Prog_BizSteps] ([StepId],[StepName],[SortIndex],[CateId]) values (100,N'客户回访',1,4)
INSERT INTO [T_Prog_BizSteps] ([StepId],[StepName],[SortIndex],[CateId]) values (101,N'签订合同（口头协议）',1,5)
INSERT INTO [T_Prog_BizSteps] ([StepId],[StepName],[SortIndex],[CateId]) values (102,N'任务分派',1,5)
INSERT INTO [T_Prog_BizSteps] ([StepId],[StepName],[SortIndex],[CateId]) values (103,N'资料收取',1,5)
INSERT INTO [T_Prog_BizSteps] ([StepId],[StepName],[SortIndex],[CateId]) values (104,N'沟通记录',1,5)
INSERT INTO [T_Prog_BizSteps] ([StepId],[StepName],[SortIndex],[CateId]) values (105,N'结果提交',1,5)
INSERT INTO [T_Prog_BizSteps] ([StepId],[StepName],[SortIndex],[CateId]) values (106,N'结果反馈及修订',1,5)
INSERT INTO [T_Prog_BizSteps] ([StepId],[StepName],[SortIndex],[CateId]) values (107,N'最终版报告提交',1,5)
INSERT INTO [T_Prog_BizSteps] ([StepId],[StepName],[SortIndex],[CateId]) values (108,N'费用对账',1,5)
INSERT INTO [T_Prog_BizSteps] ([StepId],[StepName],[SortIndex],[CateId]) values (109,N'费用收取',1,5)
INSERT INTO [T_Prog_BizSteps] ([StepId],[StepName],[SortIndex],[CateId]) values (110,N'资料归还',1,5)
INSERT INTO [T_Prog_BizSteps] ([StepId],[StepName],[SortIndex],[CateId]) values (111,N'客户回访',1,5)
SET IDENTITY_INSERT [T_Prog_BizSteps] OFF



/*初始化角色*/
insert into [Sintoacct.Ledger].dbo.AspNetRoles values('EB4F86F5-B307-466D-B7DD-B3400F1E7FEA','business')
insert into [Sintoacct.Ledger].dbo.AspNetRoles values('0284200F-F702-41D2-8E86-FB94B091271A','progress-record')